{"type": "FeatureCollection", "features": [{"type": "Feature", "properties": {"KABKOT": "BANJARNEGARA", "name": "Kabupaten Banjarnegara", "GEO_KEY": "BANJARNEGARA"}, "geometry": {"type": "Polygon", "coordinates": [[[109.5325, -7.4025], [109.575, -7.4025], [109.6175, -7.4025], [109.5325, -7.425], [109.575, -7.425], [109.5325, -7.4475], [109.5325, -7.47], [109.575, -7.4475], [109.6175, -7.425], [109.5325, -7.4925], [109.575, -7.47], [109.66, -7.4025], [109.5325, -7.515], [109.6175, -7.4475], [109.575, -7.4925], [109.575, -7.515], [109.6175, -7.47], [109.575, -7.5375], [109.6175, -7.4925], [109.6175, -7.515], [109.6175, -7.5375], [109.66, -7.425], [109.66, -7.4475], [109.66, -7.47], [109.66, -7.4925], [109.66, -7.515], [109.66, -7.5375], [109.7025, -7.5375], [109.7025, -7.515], [109.7025, -7.4925], [109.7025, -7.47], [109.745, -7.5375], [109.7025, -7.4475], [109.745, -7.515], [109.7875, -7.56], [109.745, -7.4925], [109.7875, -7.5375], [109.83, -7.56], [109.7875, -7.515], [109.745, -7.47], [109.7025, -7.425], [109.83, -7.5375], [109.7875, -7.4925], [109.83, -7.515], [109.745, -7.4475], [109.7875, -7.47], [109.83, -7.4925], [109.7875, -7.4475], [109.745, -7.425], [109.7025, -7.4025], [109.7875, -7.425], [109.745, -7.4025], [109.7875, -7.4025], [109.7875, -7.38], [109.745, -7.38], [109.7875, -7.3575], [109.7025, -7.38], [109.745, -7.3575], [109.7875, -7.335], [109.7875, -7.3125], [109.745, -7.335], [109.7875, -7.29], [109.7875, -7.2675], [109.745, -7.3125], [109.7025, -7.3575], [109.7875, -7.245], [109.745, -7.29], [109.7875, -7.2225], [109.745, -7.2675], [109.7025, -7.335], [109.745, -7.245], [109.745, -7.2225], [109.7025, -7.3125], [109.7025, -7.29], [109.7025, -7.2675], [109.7025, -7.245], [109.66, -7.245], [109.66, -7.2675], [109.66, -7.29], [109.66, -7.3125], [109.66, -7.335], [109.66, -7.3575], [109.6175, -7.245], [109.6175, -7.2675], [109.6175, -7.29], [109.575, -7.245], [109.6175, -7.3125], [109.575, -7.2675], [109.66, -7.38], [109.6175, -7.335], [109.575, -7.29], [109.5325, -7.245], [109.5325, -7.2675], [109.575, -7.3125], [109.5325, -7.29], [109.6175, -7.3575], [109.575, -7.335], [109.5325, -7.3125], [109.5325, -7.335], [109.575, -7.3575], [109.5325, -7.3575], [109.6175, -7.38], [109.575, -7.38], [109.5325, -7.38], [109.5325, -7.4025]]]}}, {"type": "Feature", "properties": {"KABKOT": "BANYUMAS", "name": "Kabupaten Banyumas", "GEO_KEY": "BANYUMAS"}, "geometry": {"type": "Polygon", "coordinates": [[[109.1075, -7.56], [109.15, -7.56], [109.1925, -7.56], [109.1075, -7.5825], [109.15, -7.5825], [109.235, -7.56], [109.1925, -7.5825], [109.15, -7.605], [109.15, -7.6275], [109.1925, -7.605], [109.15, -7.65], [109.1925, -7.6275], [109.1925, -7.65], [109.1925, -7.6725], [109.1925, -7.695], [109.235, -7.5825], [109.235, -7.605], [109.235, -7.6275], [109.235, -7.65], [109.235, -7.6725], [109.235, -7.695], [109.235, -7.7175], [109.235, -7.74], [109.235, -7.7625], [109.2775, -7.8075], [109.2775, -7.785], [109.2775, -7.7625], [109.2775, -7.74], [109.2775, -7.7175], [109.32, -7.875], [109.2775, -7.695], [109.32, -7.8525], [109.32, -7.83], [109.2775, -7.6725], [109.32, -7.8075], [109.32, -7.785], [109.2775, -7.65], [109.32, -7.7625], [109.3625, -7.875], [109.3625, -7.8525], [109.32, -7.74], [109.3625, -7.83], [109.3625, -7.8075], [109.32, -7.7175], [109.2775, -7.6275], [109.3625, -7.785], [109.32, -7.695], [109.3625, -7.7625], [109.3625, -7.74], [109.32, -7.6725], [109.405, -7.785], [109.2775, -7.605], [109.3625, -7.7175], [109.405, -7.7625], [109.32, -7.65], [109.3625, -7.695], [109.405, -7.74], [109.405, -7.7175], [109.3625, -7.6725], [109.32, -7.6275], [109.405, -7.695], [109.3625, -7.65], [109.2775, -7.5825], [109.405, -7.6725], [109.4475, -7.695], [109.32, -7.605], [109.3625, -7.6275], [109.405, -7.65], [109.4475, -7.6725], [109.4475, -7.65], [109.405, -7.6275], [109.3625, -7.605], [109.4475, -7.6275], [109.32, -7.5825], [109.405, -7.605], [109.4475, -7.605], [109.3625, -7.5825], [109.49, -7.605], [109.405, -7.5825], [109.4475, -7.5825], [109.2775, -7.56], [109.49, -7.5825], [109.32, -7.56], [109.3625, -7.56], [109.405, -7.56], [109.4475, -7.56], [109.49, -7.56], [109.49, -7.5375], [109.4475, -7.5375], [109.405, -7.5375], [109.3625, -7.5375], [109.4475, -7.515], [109.32, -7.5375], [109.405, -7.515], [109.3625, -7.515], [109.405, -7.4925], [109.3625, -7.4925], [109.32, -7.515], [109.2775, -7.5375], [109.3625, -7.47], [109.32, -7.4925], [109.32, -7.47], [109.2775, -7.515], [109.32, -7.4475], [109.32, -7.425], [109.2775, -7.4925], [109.2775, -7.47], [109.2775, -7.4475], [109.2775, -7.425], [109.2775, -7.4025], [109.235, -7.38], [109.235, -7.4025], [109.235, -7.425], [109.235, -7.4475], [109.235, -7.47], [109.235, -7.4925], [109.235, -7.515], [109.1925, -7.3575], [109.1925, -7.38], [109.1925, -7.4025], [109.1925, -7.425], [109.235, -7.5375], [109.15, -7.335], [109.1925, -7.4475], [109.15, -7.3575], [109.15, -7.38], [109.1075, -7.3125], [109.1925, -7.47], [109.15, -7.4025], [109.1075, -7.335], [109.1075, -7.3575], [109.15, -7.425], [109.065, -7.3125], [109.1075, -7.38], [109.1925, -7.4925], [109.065, -7.335], [109.15, -7.4475], [109.1075, -7.4025], [109.065, -7.3575], [109.0225, -7.3125], [109.0225, -7.335], [109.065, -7.38], [109.1075, -7.425], [109.15, -7.47], [108.98, -7.3125], [109.0225, -7.3575], [109.065, -7.4025], [108.98, -7.335], [109.1925, -7.515], [109.1075, -7.4475], [109.0225, -7.38], [108.98, -7.3575], [109.065, -7.425], [108.9375, -7.335], [109.0225, -7.4025], [109.15, -7.4925], [108.98, -7.38], [108.9375, -7.3575], [109.1075, -7.47], [109.065, -7.4475], [109.0225, -7.425], [108.98, -7.4025], [109.0225, -7.4475], [109.065, -7.47], [109.1075, -7.4925], [109.15, -7.515], [109.0225, -7.47], [109.1925, -7.5375], [109.065, -7.4925], [109.1075, -7.515], [109.065, -7.515], [109.15, -7.5375], [109.1075, -7.5375], [109.065, -7.5375], [109.1075, -7.56]]]}}, {"type": "Feature", "properties": {"KABKOT": "BATANG", "name": "Kabupaten Batang", "GEO_KEY": "BATANG"}, "geometry": {"type": "Polygon", "coordinates": [[[109.7875, -6.7275], [109.83, -6.7275], [109.8725, -6.7275], [109.7875, -6.75], [109.745, -6.7725], [109.83, -6.75], [109.7875, -6.7725], [109.745, -6.795], [109.745, -6.8175], [109.7875, -6.795], [109.83, -6.7725], [109.8725, -6.75], [109.7025, -6.8625], [109.745, -6.84], [109.7875, -6.8175], [109.7025, -6.885], [109.745, -6.8625], [109.83, -6.795], [109.7025, -6.9075], [109.66, -6.9525], [109.7875, -6.84], [109.745, -6.885], [109.7025, -6.93], [109.66, -6.975], [109.66, -6.9975], [109.7025, -6.9525], [109.745, -6.9075], [109.7875, -6.8625], [109.83, -6.8175], [109.7025, -6.975], [109.745, -6.93], [109.8725, -6.7725], [109.7875, -6.885], [109.7025, -6.9975], [109.745, -6.9525], [109.7025, -7.02], [109.83, -6.84], [109.7875, -6.9075], [109.745, -6.975], [109.745, -6.9975], [109.7875, -6.93], [109.83, -6.8625], [109.745, -7.02], [109.7875, -6.9525], [109.8725, -6.795], [109.83, -6.885], [109.7875, -6.975], [109.7875, -6.9975], [109.83, -6.9075], [109.7875, -7.02], [109.8725, -6.8175], [109.83, -6.93], [109.7875, -7.0425], [109.83, -6.9525], [109.83, -6.975], [109.8725, -6.84], [109.83, -6.9975], [109.83, -7.02], [109.8725, -6.8625], [109.83, -7.0425], [109.83, -7.065], [109.8725, -6.885], [109.8725, -6.9075], [109.8725, -6.93], [109.8725, -6.9525], [109.8725, -6.975], [109.8725, -6.9975], [109.8725, -7.02], [109.8725, -7.0425], [109.8725, -7.065], [109.915, -7.0875], [109.915, -7.065], [109.915, -7.0425], [109.915, -7.02], [109.915, -6.9975], [109.915, -6.975], [109.915, -6.9525], [109.915, -6.93], [109.915, -6.9075], [109.915, -6.885], [109.915, -6.8625], [109.915, -6.84], [109.915, -6.8175], [109.915, -6.795], [109.9575, -7.0875], [109.9575, -7.065], [109.915, -6.7725], [109.9575, -7.0425], [109.9575, -7.02], [109.9575, -6.9975], [109.9575, -6.975], [109.9575, -6.9525], [109.9575, -6.93], [109.9575, -6.9075], [109.915, -6.75], [109.9575, -6.885], [109.9575, -6.8625], [109.9575, -6.84], [110.0, -6.9075], [109.9575, -6.8175], [110.0, -6.885], [110.0, -6.8625], [109.9575, -6.795], [110.0, -6.84], [110.0, -6.8175], [109.9575, -6.7725], [110.0, -6.795], [110.0, -6.7725], [109.9575, -6.75], [110.0, -6.75], [109.915, -6.7275], [109.9575, -6.7275], [110.0, -6.7275], [110.0425, -6.7275], [110.0425, -6.705], [110.0, -6.705], [110.0425, -6.6825], [109.9575, -6.705], [110.0, -6.6825], [110.0425, -6.66], [110.0425, -6.6375], [110.0, -6.66], [110.0425, -6.615], [109.9575, -6.6825], [110.0, -6.6375], [110.0425, -6.5925], [110.085, -6.5475], [110.085, -6.525], [110.0425, -6.57], [110.0, -6.615], [110.085, -6.5025], [110.0425, -6.5475], [109.9575, -6.66], [110.085, -6.48], [110.0, -6.5925], [110.0425, -6.525], [110.085, -6.4575], [110.085, -6.435], [110.0425, -6.5025], [110.0, -6.57], [110.085, -6.4125], [109.9575, -6.6375], [110.0425, -6.48], [110.085, -6.39], [110.0, -6.5475], [110.0425, -6.4575], [110.085, -6.3675], [110.085, -6.345], [110.0425, -6.435], [110.0, -6.525], [109.9575, -6.615], [110.0425, -6.4125], [110.0, -6.5025], [110.0425, -6.39], [110.0425, -6.3675], [110.0, -6.48], [109.9575, -6.5925], [110.0425, -6.345], [110.0, -6.4575], [110.0425, -6.3225], [109.915, -6.705], [109.9575, -6.57], [110.0, -6.435], [110.0425, -6.3], [110.0, -6.4125], [109.9575, -6.5475], [110.0, -6.39], [110.0, -6.3675], [109.9575, -6.525], [110.0, -6.345], [110.0, -6.3225], [109.9575, -6.5025], [110.0, -6.3], [109.9575, -6.48], [109.9575, -6.4575], [109.9575, -6.435], [109.915, -6.6825], [109.9575, -6.4125], [109.9575, -6.39], [109.9575, -6.3675], [109.9575, -6.345], [109.9575, -6.3225], [109.915, -6.66], [109.915, -6.6375], [109.915, -6.615], [109.915, -6.5925], [109.915, -6.57], [109.915, -6.5475], [109.915, -6.525], [109.915, -6.5025], [109.915, -6.48], [109.915, -6.4575], [109.915, -6.435], [109.915, -6.4125], [109.8725, -6.5025], [109.8725, -6.525], [109.8725, -6.5475], [109.8725, -6.57], [109.8725, -6.5925], [109.8725, -6.615], [109.8725, -6.6375], [109.8725, -6.66], [109.83, -6.5925], [109.83, -6.615], [109.8725, -6.6825], [109.83, -6.6375], [109.83, -6.66], [109.8725, -6.705], [109.83, -6.6825], [109.7875, -6.6825], [109.83, -6.705], [109.7875, -6.705], [109.7875, -6.7275]]]}}, {"type": "Feature", "properties": {"KABKOT": "BLORA", "name": "Kabupaten Blora", "GEO_KEY": "BLORA"}, "geometry": {"type": "Polygon", "coordinates": [[[111.19, -7.1325], [111.2325, -7.1325], [111.275, -7.1325], [111.3175, -7.1325], [111.19, -7.155], [111.36, -7.1325], [111.2325, -7.155], [111.275, -7.155], [111.19, -7.1775], [111.4025, -7.1325], [111.3175, -7.155], [111.2325, -7.1775], [111.19, -7.2], [111.275, -7.1775], [111.36, -7.155], [111.2325, -7.2], [111.3175, -7.1775], [111.275, -7.2], [111.2325, -7.2225], [111.445, -7.1325], [111.4025, -7.155], [111.36, -7.1775], [111.3175, -7.2], [111.275, -7.2225], [111.275, -7.245], [111.3175, -7.2225], [111.36, -7.2], [111.275, -7.2675], [111.4025, -7.1775], [111.3175, -7.245], [111.36, -7.2225], [111.3175, -7.2675], [111.445, -7.155], [111.4025, -7.2], [111.36, -7.245], [111.3175, -7.29], [111.36, -7.2675], [111.4025, -7.2225], [111.36, -7.29], [111.36, -7.3125], [111.4025, -7.245], [111.445, -7.1775], [111.36, -7.335], [111.4025, -7.2675], [111.4025, -7.29], [111.445, -7.2], [111.4025, -7.3125], [111.4025, -7.335], [111.445, -7.2225], [111.4025, -7.3575], [111.4025, -7.38], [111.445, -7.245], [111.445, -7.2675], [111.445, -7.29], [111.445, -7.3125], [111.445, -7.335], [111.445, -7.3575], [111.445, -7.38], [111.445, -7.4025], [111.4875, -7.4475], [111.4875, -7.425], [111.4875, -7.4025], [111.4875, -7.38], [111.4875, -7.3575], [111.4875, -7.335], [111.4875, -7.3125], [111.4875, -7.29], [111.4875, -7.2675], [111.4875, -7.245], [111.4875, -7.2225], [111.4875, -7.2], [111.4875, -7.1775], [111.4875, -7.155], [111.53, -7.47], [111.53, -7.4475], [111.53, -7.425], [111.53, -7.4025], [111.4875, -7.1325], [111.53, -7.38], [111.53, -7.3575], [111.53, -7.335], [111.5725, -7.515], [111.53, -7.3125], [111.5725, -7.4925], [111.5725, -7.47], [111.53, -7.29], [111.5725, -7.4475], [111.5725, -7.425], [111.53, -7.2675], [111.5725, -7.4025], [111.615, -7.5375], [111.615, -7.515], [111.5725, -7.38], [111.615, -7.4925], [111.53, -7.245], [111.5725, -7.3575], [111.615, -7.47], [111.6575, -7.56], [111.615, -7.4475], [111.5725, -7.335], [111.6575, -7.5375], [111.615, -7.425], [111.53, -7.2225], [111.6575, -7.515], [111.5725, -7.3125], [111.615, -7.4025], [111.6575, -7.4925], [111.7, -7.56], [111.6575, -7.47], [111.615, -7.38], [111.5725, -7.29], [111.7, -7.5375], [111.6575, -7.4475], [111.53, -7.2], [111.615, -7.3575], [111.7, -7.515], [111.6575, -7.425], [111.7, -7.4925], [111.5725, -7.2675], [111.615, -7.335], [111.6575, -7.4025], [111.7, -7.47], [111.7, -7.4475], [111.6575, -7.38], [111.615, -7.3125], [111.5725, -7.245], [111.7, -7.425], [111.6575, -7.3575], [111.53, -7.1775], [111.615, -7.29], [111.7, -7.4025], [111.6575, -7.335], [111.7, -7.38], [111.5725, -7.2225], [111.615, -7.2675], [111.6575, -7.3125], [111.7, -7.3575], [111.7, -7.335], [111.6575, -7.29], [111.615, -7.245], [111.5725, -7.2], [111.7, -7.3125], [111.53, -7.155], [111.6575, -7.2675], [111.615, -7.2225], [111.7, -7.29], [111.6575, -7.245], [111.5725, -7.1775], [111.7, -7.2675], [111.615, -7.2], [111.6575, -7.2225], [111.7, -7.245], [111.7, -7.2225], [111.6575, -7.2], [111.615, -7.1775], [111.5725, -7.155], [111.53, -7.1325], [111.7, -7.2], [111.6575, -7.1775], [111.615, -7.155], [111.7, -7.1775], [111.6575, -7.155], [111.5725, -7.1325], [111.7, -7.155], [111.615, -7.1325], [111.6575, -7.1325], [111.7, -7.1325], [111.7, -7.11], [111.6575, -7.11], [111.615, -7.11], [111.5725, -7.11], [111.53, -7.11], [111.7, -7.0875], [111.6575, -7.0875], [111.615, -7.0875], [111.7, -7.065], [111.6575, -7.065], [111.5725, -7.0875], [111.7, -7.0425], [111.615, -7.065], [111.6575, -7.0425], [111.7, -7.02], [111.7, -6.9975], [111.6575, -7.02], [111.615, -7.0425], [111.5725, -7.065], [111.53, -7.0875], [111.7, -6.975], [111.6575, -6.9975], [111.615, -7.02], [111.7, -6.9525], [111.6575, -6.975], [111.5725, -7.0425], [111.7, -6.93], [111.615, -6.9975], [111.6575, -6.9525], [111.7, -6.9075], [111.7, -6.885], [111.6575, -6.93], [111.615, -6.975], [111.5725, -7.02], [111.53, -7.065], [111.7, -6.8625], [111.6575, -6.9075], [111.615, -6.9525], [111.7, -6.84], [111.6575, -6.885], [111.5725, -6.9975], [111.4875, -7.11], [111.7, -6.8175], [111.615, -6.93], [111.6575, -6.8625], [111.7, -6.795], [111.53, -7.0425], [111.5725, -6.975], [111.615, -6.9075], [111.6575, -6.84], [111.7, -6.7725], [111.7, -6.75], [111.6575, -6.8175], [111.615, -6.885], [111.5725, -6.9525], [111.6575, -6.795], [111.615, -6.8625], [111.6575, -6.7725], [111.53, -7.02], [111.5725, -6.93], [111.615, -6.84], [111.6575, -6.75], [111.615, -6.8175], [111.5725, -6.9075], [111.615, -6.795], [111.53, -6.9975], [111.5725, -6.885], [111.615, -6.7725], [111.615, -6.75], [111.5725, -6.8625], [111.53, -6.975], [111.5725, -6.84], [111.5725, -6.8175], [111.53, -6.9525], [111.5725, -6.795], [111.5725, -6.7725], [111.53, -6.93], [111.53, -6.9075], [111.53, -6.885], [111.53, -6.8625], [111.53, -6.84], [111.53, -6.8175], [111.53, -6.795], [111.4875, -7.0875], [111.4875, -7.065], [111.4875, -7.0425], [111.4875, -7.02], [111.4875, -6.9975], [111.4875, -6.975], [111.4875, -6.9525], [111.4875, -6.93], [111.4875, -6.9075], [111.4875, -6.885], [111.4875, -6.8625], [111.4875, -6.84], [111.4875, -6.8175], [111.4875, -6.795], [111.445, -6.8175], [111.445, -6.84], [111.445, -6.8625], [111.445, -6.885], [111.445, -6.9075], [111.445, -6.93], [111.445, -6.9525], [111.4025, -6.8175], [111.445, -6.975], [111.4025, -6.84], [111.4025, -6.8625], [111.445, -6.9975], [111.4025, -6.885], [111.4025, -6.9075], [111.445, -7.02], [111.4025, -6.93], [111.36, -6.84], [111.36, -6.8625], [111.4025, -6.9525], [111.36, -6.885], [111.445, -7.0425], [111.4025, -6.975], [111.36, -6.9075], [111.3175, -6.84], [111.3175, -6.8625], [111.36, -6.93], [111.4025, -6.9975], [111.3175, -6.885], [111.36, -6.9525], [111.445, -7.065], [111.3175, -6.9075], [111.275, -6.8625], [111.4025, -7.02], [111.36, -6.975], [111.3175, -6.93], [111.275, -6.885], [111.2325, -6.8625], [111.275, -6.9075], [111.3175, -6.9525], [111.36, -6.9975], [111.2325, -6.885], [111.275, -6.93], [111.4025, -7.0425], [111.3175, -6.975], [111.2325, -6.9075], [111.19, -6.885], [111.275, -6.9525], [111.36, -7.02], [111.2325, -6.93], [111.19, -6.9075], [111.3175, -6.9975], [111.445, -7.0875], [111.275, -6.975], [111.2325, -6.9525], [111.19, -6.93], [111.4025, -7.065], [111.36, -7.0425], [111.3175, -7.02], [111.275, -6.9975], [111.2325, -6.975], [111.19, -6.9525], [111.1475, -6.9525], [111.19, -6.975], [111.2325, -6.9975], [111.275, -7.02], [111.3175, -7.0425], [111.1475, -6.975], [111.19, -6.9975], [111.36, -7.065], [111.2325, -7.02], [111.1475, -6.9975], [111.275, -7.0425], [111.4025, -7.0875], [111.19, -7.02], [111.3175, -7.065], [111.2325, -7.0425], [111.1475, -7.02], [111.19, -7.0425], [111.275, -7.065], [111.36, -7.0875], [111.2325, -7.065], [111.19, -7.065], [111.3175, -7.0875], [111.275, -7.0875], [111.2325, -7.0875], [111.445, -7.11], [111.19, -7.0875], [111.4025, -7.11], [111.36, -7.11], [111.3175, -7.11], [111.275, -7.11], [111.2325, -7.11], [111.19, -7.11], [111.19, -7.1325]]]}}, {"type": "Feature", "properties": {"KABKOT": "BOYOLALI", "name": "Kabupaten Boyolali", "GEO_KEY": "BOYOLALI"}, "geometry": {"type": "Polygon", "coordinates": [[[110.425, -7.515], [110.4675, -7.515], [110.51, -7.515], [110.5525, -7.515], [110.425, -7.5375], [110.4675, -7.5375], [110.425, -7.56], [110.51, -7.5375], [110.4675, -7.56], [110.425, -7.5825], [110.425, -7.605], [110.4675, -7.5825], [110.51, -7.56], [110.5525, -7.5375], [110.425, -7.6275], [110.4675, -7.605], [110.51, -7.5825], [110.4675, -7.6275], [110.51, -7.605], [110.5525, -7.56], [110.51, -7.6275], [110.5525, -7.5825], [110.5525, -7.605], [110.5525, -7.6275], [110.595, -7.515], [110.595, -7.5375], [110.595, -7.56], [110.595, -7.5825], [110.595, -7.605], [110.595, -7.6275], [110.6375, -7.6275], [110.6375, -7.605], [110.6375, -7.5825], [110.68, -7.6275], [110.6375, -7.56], [110.68, -7.605], [110.68, -7.5825], [110.7225, -7.605], [110.6375, -7.5375], [110.68, -7.56], [110.7225, -7.5825], [110.7225, -7.56], [110.68, -7.5375], [110.7225, -7.5375], [110.6375, -7.515], [110.68, -7.515], [110.7225, -7.515], [110.7225, -7.4925], [110.68, -7.4925], [110.7225, -7.47], [110.6375, -7.4925], [110.68, -7.47], [110.7225, -7.4475], [110.7225, -7.425], [110.68, -7.4475], [110.765, -7.38], [110.7225, -7.4025], [110.765, -7.3575], [110.6375, -7.47], [110.68, -7.425], [110.7225, -7.38], [110.765, -7.335], [110.7225, -7.3575], [110.68, -7.4025], [110.7225, -7.335], [110.6375, -7.4475], [110.68, -7.38], [110.68, -7.3575], [110.6375, -7.425], [110.6375, -7.4025], [110.6375, -7.38], [110.595, -7.4025], [110.595, -7.425], [110.595, -7.4475], [110.595, -7.47], [110.595, -7.4925], [110.5525, -7.425], [110.5525, -7.4475], [110.5525, -7.47], [110.51, -7.4475], [110.51, -7.47], [110.5525, -7.4925], [110.4675, -7.47], [110.425, -7.47], [110.51, -7.4925], [110.4675, -7.4925], [110.425, -7.4925], [110.425, -7.515]]]}}, {"type": "Feature", "properties": {"KABKOT": "BREBES", "name": "Kabupaten Brebes", "GEO_KEY": "BREBES"}, "geometry": {"type": "Polygon", "coordinates": [[[108.3, -6.8175], [108.3425, -6.8175], [108.385, -6.8175], [108.4275, -6.8175], [108.47, -6.8175], [108.5125, -6.8175], [108.3, -6.84], [108.3425, -6.84], [108.555, -6.8175], [108.385, -6.84], [108.4275, -6.84], [108.3, -6.8625], [108.3425, -6.8625], [108.47, -6.84], [108.385, -6.8625], [108.3, -6.885], [108.5975, -6.8175], [108.5125, -6.84], [108.4275, -6.8625], [108.3425, -6.885], [108.3, -6.9075], [108.385, -6.885], [108.47, -6.8625], [108.3425, -6.9075], [108.3, -6.93], [108.4275, -6.885], [108.555, -6.84], [108.385, -6.9075], [108.3425, -6.93], [108.3, -6.9525], [108.5125, -6.8625], [108.47, -6.885], [108.4275, -6.9075], [108.385, -6.93], [108.3425, -6.9525], [108.3, -6.975], [108.3, -6.9975], [108.3425, -6.975], [108.385, -6.9525], [108.4275, -6.93], [108.47, -6.9075], [108.5125, -6.885], [108.3, -7.02], [108.3425, -6.9975], [108.555, -6.8625], [108.385, -6.975], [108.4275, -6.9525], [108.3, -7.0425], [108.3425, -7.02], [108.47, -6.93], [108.385, -6.9975], [108.3, -7.065], [108.5975, -6.84], [108.5125, -6.9075], [108.4275, -6.975], [108.3425, -7.0425], [108.3, -7.0875], [108.385, -7.02], [108.47, -6.9525], [108.3425, -7.065], [108.3, -7.11], [108.4275, -6.9975], [108.555, -6.885], [108.385, -7.0425], [108.3425, -7.0875], [108.3, -7.1325], [108.5125, -6.93], [108.47, -6.975], [108.4275, -7.02], [108.385, -7.065], [108.3425, -7.11], [108.3, -7.155], [108.3, -7.1775], [108.3425, -7.1325], [108.385, -7.0875], [108.4275, -7.0425], [108.47, -6.9975], [108.5125, -6.9525], [108.3, -7.2], [108.3425, -7.155], [108.555, -6.9075], [108.385, -7.11], [108.4275, -7.065], [108.3, -7.2225], [108.3425, -7.1775], [108.47, -7.02], [108.385, -7.1325], [108.3, -7.245], [108.5975, -6.8625], [108.5125, -6.975], [108.4275, -7.0875], [108.3425, -7.2], [108.3, -7.2675], [108.385, -7.155], [108.47, -7.0425], [108.3425, -7.2225], [108.3, -7.29], [108.4275, -7.11], [108.555, -6.93], [108.385, -7.1775], [108.3425, -7.245], [108.3, -7.3125], [108.5125, -6.9975], [108.47, -7.065], [108.4275, -7.1325], [108.385, -7.2], [108.3425, -7.2675], [108.3, -7.335], [108.3, -7.3575], [108.3425, -7.29], [108.385, -7.2225], [108.4275, -7.155], [108.47, -7.0875], [108.5125, -7.02], [108.3, -7.38], [108.3425, -7.3125], [108.555, -6.9525], [108.385, -7.245], [108.4275, -7.1775], [108.3425, -7.335], [108.47, -7.11], [108.385, -7.2675], [108.5975, -6.885], [108.5125, -7.0425], [108.4275, -7.2], [108.3425, -7.3575], [108.385, -7.29], [108.47, -7.1325], [108.3425, -7.38], [108.4275, -7.2225], [108.555, -6.975], [108.385, -7.3125], [108.5125, -7.065], [108.47, -7.155], [108.4275, -7.245], [108.385, -7.335], [108.385, -7.3575], [108.4275, -7.2675], [108.47, -7.1775], [108.5125, -7.0875], [108.555, -6.9975], [108.385, -7.38], [108.4275, -7.29], [108.47, -7.2], [108.5975, -6.9075], [108.5125, -7.11], [108.4275, -7.3125], [108.47, -7.2225], [108.4275, -7.335], [108.555, -7.02], [108.5125, -7.1325], [108.47, -7.245], [108.4275, -7.3575], [108.4275, -7.38], [108.47, -7.2675], [108.5125, -7.155], [108.555, -7.0425], [108.47, -7.29], [108.5975, -6.93], [108.5125, -7.1775], [108.47, -7.3125], [108.555, -7.065], [108.5125, -7.2], [108.47, -7.335], [108.47, -7.3575], [108.5125, -7.2225], [108.555, -7.0875], [108.5975, -6.9525], [108.5125, -7.245], [108.555, -7.11], [108.5125, -7.2675], [108.5125, -7.29], [108.555, -7.1325], [108.5125, -7.3125], [108.5975, -6.975], [108.555, -7.155], [108.5125, -7.335], [108.5125, -7.3575], [108.555, -7.1775], [108.5975, -6.9975], [108.555, -7.2], [108.555, -7.2225], [108.5975, -7.02], [108.555, -7.245], [108.555, -7.2675], [108.5975, -7.0425], [108.555, -7.29], [108.555, -7.3125], [108.5975, -7.065], [108.555, -7.335], [108.555, -7.3575], [108.5975, -7.0875], [108.5975, -7.11], [108.5975, -7.1325], [108.5975, -7.155], [108.5975, -7.1775], [108.5975, -7.2], [108.5975, -7.2225], [108.5975, -7.245], [108.5975, -7.2675], [108.5975, -7.29], [108.5975, -7.3125], [108.5975, -7.335], [108.5975, -7.3575], [108.64, -7.335], [108.64, -7.3125], [108.64, -7.29], [108.64, -7.2675], [108.64, -7.245], [108.64, -7.2225], [108.64, -7.2], [108.64, -7.1775], [108.64, -7.155], [108.64, -7.1325], [108.64, -7.11], [108.64, -7.0875], [108.64, -7.065], [108.64, -7.0425], [108.64, -7.02], [108.64, -6.9975], [108.64, -6.975], [108.64, -6.9525], [108.64, -6.93], [108.64, -6.9075], [108.64, -6.885], [108.64, -6.8625], [108.64, -6.84], [108.64, -6.8175], [108.6825, -7.335], [108.6825, -7.3125], [108.6825, -7.29], [108.6825, -7.2675], [108.6825, -7.245], [108.6825, -7.2225], [108.6825, -7.2], [108.6825, -7.1775], [108.6825, -7.155], [108.6825, -7.1325], [108.6825, -7.11], [108.6825, -7.0875], [108.725, -7.335], [108.6825, -7.065], [108.725, -7.3125], [108.725, -7.29], [108.6825, -7.0425], [108.725, -7.2675], [108.725, -7.245], [108.6825, -7.02], [108.725, -7.2225], [108.725, -7.2], [108.6825, -6.9975], [108.725, -7.1775], [108.7675, -7.335], [108.725, -7.155], [108.7675, -7.3125], [108.6825, -6.975], [108.725, -7.1325], [108.7675, -7.29], [108.7675, -7.2675], [108.725, -7.11], [108.7675, -7.245], [108.6825, -6.9525], [108.725, -7.0875], [108.7675, -7.2225], [108.81, -7.335], [108.7675, -7.2], [108.725, -7.065], [108.81, -7.3125], [108.7675, -7.1775], [108.6825, -6.93], [108.81, -7.29], [108.725, -7.0425], [108.7675, -7.155], [108.81, -7.2675], [108.81, -7.245], [108.7675, -7.1325], [108.725, -7.02], [108.81, -7.2225], [108.8525, -7.3125], [108.7675, -7.11], [108.6825, -6.9075], [108.81, -7.2], [108.8525, -7.29], [108.725, -6.9975], [108.7675, -7.0875], [108.81, -7.1775], [108.8525, -7.2675], [108.8525, -7.245], [108.81, -7.155], [108.7675, -7.065], [108.725, -6.975], [108.8525, -7.2225], [108.81, -7.1325], [108.8525, -7.2], [108.7675, -7.0425], [108.6825, -6.885], [108.81, -7.11], [108.8525, -7.1775], [108.725, -6.9525], [108.7675, -7.02], [108.81, -7.0875], [108.8525, -7.155], [108.895, -7.2225], [108.895, -7.2], [108.8525, -7.1325], [108.81, -7.065], [108.7675, -6.9975], [108.895, -7.1775], [108.725, -6.93], [108.8525, -7.11], [108.81, -7.0425], [108.895, -7.155], [108.8525, -7.0875], [108.7675, -6.975], [108.6825, -6.8625], [108.895, -7.1325], [108.81, -7.02], [108.8525, -7.065], [108.895, -7.11], [108.725, -6.9075], [108.9375, -7.155], [108.7675, -6.9525], [108.81, -6.9975], [108.8525, -7.0425], [108.895, -7.0875], [108.9375, -7.1325], [108.9375, -7.11], [108.895, -7.065], [108.8525, -7.02], [108.81, -6.975], [108.7675, -6.93], [108.9375, -7.0875], [108.895, -7.0425], [108.725, -6.885], [108.8525, -6.9975], [108.9375, -7.065], [108.81, -6.9525], [108.895, -7.02], [108.9375, -7.0425], [108.8525, -6.975], [108.7675, -6.9075], [108.6825, -6.84], [108.98, -7.065], [108.895, -6.9975], [108.81, -6.93], [108.9375, -7.02], [108.98, -7.0425], [108.8525, -6.9525], [108.895, -6.975], [108.725, -6.8625], [108.9375, -6.9975], [108.98, -7.02], [108.7675, -6.885], [108.81, -6.9075], [108.8525, -6.93], [108.895, -6.9525], [108.9375, -6.975], [108.98, -6.9975], [108.98, -6.975], [108.9375, -6.9525], [108.895, -6.93], [108.8525, -6.9075], [108.81, -6.885], [109.0225, -6.975], [108.7675, -6.8625], [108.98, -6.9525], [108.9375, -6.93], [108.895, -6.9075], [108.725, -6.84], [109.0225, -6.9525], [108.8525, -6.885], [108.98, -6.93], [108.9375, -6.9075], [108.81, -6.8625], [109.0225, -6.93], [108.895, -6.885], [108.98, -6.9075], [109.0225, -6.9075], [108.9375, -6.885], [108.8525, -6.8625], [108.7675, -6.84], [108.6825, -6.8175], [108.98, -6.885], [108.895, -6.8625], [109.0225, -6.885], [108.81, -6.84], [108.9375, -6.8625], [108.98, -6.8625], [108.8525, -6.84], [109.0225, -6.8625], [108.895, -6.84], [108.725, -6.8175], [108.9375, -6.84], [108.98, -6.84], [109.0225, -6.84], [108.7675, -6.8175], [108.81, -6.8175], [108.8525, -6.8175], [108.895, -6.8175], [108.9375, -6.8175], [108.98, -6.8175], [109.0225, -6.8175], [109.0225, -6.795], [108.98, -6.795], [108.9375, -6.795], [108.895, -6.795], [108.8525, -6.795], [108.81, -6.795], [109.0225, -6.7725], [108.7675, -6.795], [108.98, -6.7725], [108.9375, -6.7725], [108.895, -6.7725], [108.725, -6.795], [109.0225, -6.75], [108.8525, -6.7725], [108.98, -6.75], [108.9375, -6.75], [108.81, -6.7725], [109.0225, -6.7275], [108.895, -6.75], [108.98, -6.7275], [109.0225, -6.705], [108.9375, -6.7275], [108.8525, -6.75], [108.7675, -6.7725], [108.6825, -6.795], [108.98, -6.705], [108.895, -6.7275], [109.0225, -6.6825], [108.81, -6.75], [108.9375, -6.705], [108.98, -6.6825], [108.8525, -6.7275], [109.0225, -6.66], [108.895, -6.705], [108.725, -6.7725], [108.9375, -6.6825], [108.98, -6.66], [109.0225, -6.6375], [108.7675, -6.75], [108.81, -6.7275], [108.8525, -6.705], [108.895, -6.6825], [108.9375, -6.66], [108.98, -6.6375], [109.0225, -6.615], [109.0225, -6.5925], [108.98, -6.615], [108.9375, -6.6375], [108.895, -6.66], [108.8525, -6.6825], [108.81, -6.705], [109.0225, -6.57], [108.7675, -6.7275], [108.98, -6.5925], [108.9375, -6.615], [108.895, -6.6375], [108.725, -6.75], [109.0225, -6.5475], [108.8525, -6.66], [108.98, -6.57], [108.9375, -6.5925], [108.81, -6.6825], [109.0225, -6.525], [108.895, -6.615], [108.98, -6.5475], [109.0225, -6.5025], [108.9375, -6.57], [108.8525, -6.6375], [108.7675, -6.705], [108.6825, -6.7725], [108.98, -6.525], [108.895, -6.5925], [109.0225, -6.48], [108.81, -6.66], [108.9375, -6.5475], [108.98, -6.5025], [108.8525, -6.615], [109.0225, -6.4575], [108.895, -6.57], [108.725, -6.7275], [108.9375, -6.525], [108.98, -6.48], [109.0225, -6.435], [108.7675, -6.6825], [108.81, -6.6375], [108.8525, -6.5925], [108.895, -6.5475], [108.9375, -6.5025], [108.98, -6.4575], [109.0225, -6.4125], [109.0225, -6.39], [108.98, -6.435], [108.9375, -6.48], [108.895, -6.525], [108.8525, -6.57], [108.81, -6.615], [108.7675, -6.66], [108.98, -6.4125], [108.9375, -6.4575], [108.895, -6.5025], [108.725, -6.705], [108.8525, -6.5475], [108.98, -6.39], [108.9375, -6.435], [108.81, -6.5925], [108.895, -6.48], [108.98, -6.3675], [108.9375, -6.4125], [108.8525, -6.525], [108.7675, -6.6375], [108.6825, -6.75], [108.98, -6.345], [108.895, -6.4575], [108.81, -6.57], [108.9375, -6.39], [108.98, -6.3225], [108.8525, -6.5025], [108.895, -6.435], [108.725, -6.6825], [108.9375, -6.3675], [108.98, -6.3], [108.7675, -6.615], [108.81, -6.5475], [108.8525, -6.48], [108.895, -6.4125], [108.9375, -6.345], [108.9375, -6.3225], [108.895, -6.39], [108.8525, -6.4575], [108.81, -6.525], [108.7675, -6.5925], [108.9375, -6.3], [108.895, -6.3675], [108.725, -6.66], [108.8525, -6.435], [108.81, -6.5025], [108.895, -6.345], [108.8525, -6.4125], [108.7675, -6.57], [108.6825, -6.7275], [108.895, -6.3225], [108.81, -6.48], [108.8525, -6.39], [108.895, -6.3], [108.725, -6.6375], [108.7675, -6.5475], [108.81, -6.4575], [108.8525, -6.3675], [108.8525, -6.345], [108.81, -6.435], [108.7675, -6.525], [108.725, -6.615], [108.8525, -6.3225], [108.81, -6.4125], [108.8525, -6.3], [108.7675, -6.5025], [108.6825, -6.705], [108.81, -6.39], [108.725, -6.5925], [108.7675, -6.48], [108.81, -6.3675], [108.81, -6.345], [108.7675, -6.4575], [108.725, -6.57], [108.81, -6.3225], [108.7675, -6.435], [108.6825, -6.6825], [108.81, -6.3], [108.725, -6.5475], [108.7675, -6.4125], [108.7675, -6.39], [108.725, -6.525], [108.7675, -6.3675], [108.6825, -6.66], [108.725, -6.5025], [108.7675, -6.345], [108.7675, -6.3225], [108.725, -6.48], [108.6825, -6.6375], [108.7675, -6.3], [108.725, -6.4575], [108.725, -6.435], [108.6825, -6.615], [108.725, -6.4125], [108.725, -6.39], [108.6825, -6.5925], [108.725, -6.3675], [108.725, -6.345], [108.6825, -6.57], [108.725, -6.3225], [108.725, -6.3], [108.6825, -6.5475], [108.6825, -6.525], [108.6825, -6.5025], [108.6825, -6.48], [108.6825, -6.4575], [108.6825, -6.435], [108.6825, -6.4125], [108.6825, -6.39], [108.6825, -6.3675], [108.6825, -6.345], [108.6825, -6.3225], [108.6825, -6.3], [108.64, -6.795], [108.64, -6.7725], [108.64, -6.75], [108.64, -6.7275], [108.64, -6.705], [108.64, -6.6825], [108.64, -6.66], [108.64, -6.6375], [108.64, -6.615], [108.64, -6.5925], [108.64, -6.57], [108.64, -6.5475], [108.64, -6.525], [108.64, -6.5025], [108.64, -6.48], [108.64, -6.4575], [108.64, -6.435], [108.64, -6.4125], [108.64, -6.39], [108.64, -6.3675], [108.64, -6.345], [108.64, -6.3225], [108.64, -6.3], [108.5975, -6.3], [108.5975, -6.3225], [108.5975, -6.345], [108.5975, -6.3675], [108.5975, -6.39], [108.5975, -6.4125], [108.5975, -6.435], [108.5975, -6.4575], [108.5975, -6.48], [108.5975, -6.5025], [108.5975, -6.525], [108.5975, -6.5475], [108.555, -6.3], [108.555, -6.3225], [108.5975, -6.57], [108.555, -6.345], [108.555, -6.3675], [108.5975, -6.5925], [108.555, -6.39], [108.555, -6.4125], [108.5975, -6.615], [108.555, -6.435], [108.555, -6.4575], [108.5975, -6.6375], [108.5125, -6.3], [108.555, -6.48], [108.5125, -6.3225], [108.5125, -6.345], [108.555, -6.5025], [108.5975, -6.66], [108.5125, -6.3675], [108.555, -6.525], [108.5125, -6.39], [108.5125, -6.4125], [108.555, -6.5475], [108.47, -6.3], [108.5975, -6.6825], [108.5125, -6.435], [108.47, -6.3225], [108.555, -6.57], [108.5125, -6.4575], [108.47, -6.345], [108.47, -6.3675], [108.5125, -6.48], [108.555, -6.5925], [108.47, -6.39], [108.5975, -6.705], [108.5125, -6.5025], [108.4275, -6.3], [108.47, -6.4125], [108.4275, -6.3225], [108.555, -6.615], [108.5125, -6.525], [108.47, -6.435], [108.4275, -6.345], [108.4275, -6.3675], [108.47, -6.4575], [108.5125, -6.5475], [108.555, -6.6375], [108.385, -6.3], [108.4275, -6.39], [108.47, -6.48], [108.385, -6.3225], [108.5975, -6.7275], [108.5125, -6.57], [108.4275, -6.4125], [108.385, -6.345], [108.47, -6.5025], [108.4275, -6.435], [108.555, -6.66], [108.385, -6.3675], [108.3425, -6.3], [108.5125, -6.5925], [108.47, -6.525], [108.4275, -6.4575], [108.385, -6.39], [108.3425, -6.3225], [108.3425, -6.345], [108.385, -6.4125], [108.4275, -6.48], [108.47, -6.5475], [108.5125, -6.615], [108.3, -6.3], [108.3425, -6.3675], [108.555, -6.6825], [108.385, -6.435], [108.4275, -6.5025], [108.3, -6.3225], [108.3425, -6.39], [108.47, -6.57], [108.385, -6.4575], [108.3, -6.345], [108.5975, -6.75], [108.5125, -6.6375], [108.4275, -6.525], [108.3425, -6.4125], [108.3, -6.3675], [108.385, -6.48], [108.47, -6.5925], [108.3425, -6.435], [108.3, -6.39], [108.4275, -6.5475], [108.555, -6.705], [108.385, -6.5025], [108.3425, -6.4575], [108.3, -6.4125], [108.5125, -6.66], [108.47, -6.615], [108.4275, -6.57], [108.385, -6.525], [108.3425, -6.48], [108.3, -6.435], [108.3, -6.4575], [108.3425, -6.5025], [108.385, -6.5475], [108.4275, -6.5925], [108.47, -6.6375], [108.5125, -6.6825], [108.3, -6.48], [108.3425, -6.525], [108.555, -6.7275], [108.385, -6.57], [108.4275, -6.615], [108.3, -6.5025], [108.3425, -6.5475], [108.47, -6.66], [108.385, -6.5925], [108.3, -6.525], [108.5975, -6.7725], [108.5125, -6.705], [108.4275, -6.6375], [108.3425, -6.57], [108.3, -6.5475], [108.385, -6.615], [108.47, -6.6825], [108.3425, -6.5925], [108.3, -6.57], [108.4275, -6.66], [108.555, -6.75], [108.385, -6.6375], [108.3425, -6.615], [108.3, -6.5925], [108.5125, -6.7275], [108.47, -6.705], [108.4275, -6.6825], [108.385, -6.66], [108.3425, -6.6375], [108.3, -6.615], [108.3, -6.6375], [108.3425, -6.66], [108.385, -6.6825], [108.4275, -6.705], [108.47, -6.7275], [108.5125, -6.75], [108.3, -6.66], [108.3425, -6.6825], [108.555, -6.7725], [108.385, -6.705], [108.4275, -6.7275], [108.3, -6.6825], [108.3425, -6.705], [108.47, -6.75], [108.385, -6.7275], [108.3, -6.705], [108.5975, -6.795], [108.5125, -6.7725], [108.4275, -6.75], [108.3425, -6.7275], [108.3, -6.7275], [108.385, -6.75], [108.47, -6.7725], [108.3425, -6.75], [108.3, -6.75], [108.4275, -6.7725], [108.555, -6.795], [108.385, -6.7725], [108.3425, -6.7725], [108.3, -6.7725], [108.5125, -6.795], [108.47, -6.795], [108.4275, -6.795], [108.385, -6.795], [108.3425, -6.795], [108.3, -6.795], [108.3, -6.8175]]]}}, {"type": "Feature", "properties": {"KABKOT": "CILACAP", "name": "Kabupaten Cilacap", "GEO_KEY": "CILACAP"}, "geometry": {"type": "Polygon", "coordinates": [[[108.3, -7.7625], [108.3425, -7.7625], [108.385, -7.7625], [108.4275, -7.7625], [108.47, -7.7625], [108.5125, -7.7625], [108.555, -7.7625], [108.5975, -7.7625], [108.64, -7.7625], [108.3, -7.785], [108.3425, -7.785], [108.385, -7.785], [108.4275, -7.785], [108.6825, -7.7625], [108.47, -7.785], [108.3, -7.8075], [108.5125, -7.785], [108.3425, -7.8075], [108.385, -7.8075], [108.555, -7.785], [108.4275, -7.8075], [108.3, -7.83], [108.3425, -7.83], [108.47, -7.8075], [108.5975, -7.785], [108.725, -7.7625], [108.385, -7.83], [108.5125, -7.8075], [108.3, -7.8525], [108.4275, -7.83], [108.3425, -7.8525], [108.64, -7.785], [108.555, -7.8075], [108.47, -7.83], [108.385, -7.8525], [108.3, -7.875], [108.3425, -7.875], [108.4275, -7.8525], [108.5125, -7.83], [108.3, -7.8975], [108.5975, -7.8075], [108.385, -7.875], [108.47, -7.8525], [108.3425, -7.8975], [108.6825, -7.785], [108.555, -7.83], [108.4275, -7.875], [108.3, -7.92], [108.385, -7.8975], [108.5125, -7.8525], [108.3425, -7.92], [108.3, -7.9425], [108.47, -7.875], [108.64, -7.8075], [108.4275, -7.8975], [108.385, -7.92], [108.5975, -7.83], [108.3425, -7.9425], [108.3, -7.965], [108.555, -7.8525], [108.5125, -7.875], [108.47, -7.8975], [108.4275, -7.92], [108.385, -7.9425], [108.3425, -7.965], [108.3, -7.9875], [108.3, -8.01], [108.3425, -7.9875], [108.385, -7.965], [108.4275, -7.9425], [108.47, -7.92], [108.5125, -7.8975], [108.555, -7.875], [108.5975, -7.8525], [108.64, -7.83], [108.3, -8.0325], [108.3425, -8.01], [108.6825, -7.8075], [108.385, -7.9875], [108.4275, -7.965], [108.47, -7.9425], [108.3, -8.055], [108.5125, -7.92], [108.3425, -8.0325], [108.385, -8.01], [108.555, -7.8975], [108.725, -7.785], [108.4275, -7.9875], [108.3, -8.0775], [108.5975, -7.875], [108.47, -7.965], [108.3425, -8.055], [108.385, -8.0325], [108.5125, -7.9425], [108.3, -8.1], [108.4275, -8.01], [108.64, -7.8525], [108.3425, -8.0775], [108.555, -7.92], [108.47, -7.9875], [108.385, -8.055], [108.3425, -8.1], [108.4275, -8.0325], [108.5125, -7.965], [108.5975, -7.8975], [108.385, -8.0775], [108.47, -8.01], [108.6825, -7.83], [108.555, -7.9425], [108.4275, -8.055], [108.385, -8.1], [108.5125, -7.9875], [108.64, -7.875], [108.47, -8.0325], [108.4275, -8.0775], [108.5975, -7.92], [108.555, -7.965], [108.5125, -8.01], [108.47, -8.055], [108.4275, -8.1], [108.47, -8.0775], [108.5125, -8.0325], [108.555, -7.9875], [108.5975, -7.9425], [108.64, -7.8975], [108.6825, -7.8525], [108.47, -8.1], [108.725, -7.8075], [108.5125, -8.055], [108.555, -8.01], [108.5975, -7.965], [108.5125, -8.0775], [108.64, -7.92], [108.555, -8.0325], [108.5125, -8.1], [108.5975, -7.9875], [108.6825, -7.875], [108.555, -8.055], [108.64, -7.9425], [108.5975, -8.01], [108.555, -8.0775], [108.555, -8.1], [108.5975, -8.0325], [108.64, -7.965], [108.6825, -7.8975], [108.725, -7.83], [108.5975, -8.055], [108.64, -7.9875], [108.5975, -8.0775], [108.6825, -7.92], [108.64, -8.01], [108.5975, -8.1], [108.64, -8.0325], [108.6825, -7.9425], [108.725, -7.8525], [108.64, -8.055], [108.6825, -7.965], [108.7675, -7.7625], [108.64, -8.0775], [108.725, -7.875], [108.6825, -7.9875], [108.64, -8.1], [108.6825, -8.01], [108.725, -7.8975], [108.6825, -8.0325], [108.6825, -8.055], [108.725, -7.92], [108.6825, -8.0775], [108.6825, -8.1], [108.725, -7.9425], [108.725, -7.965], [108.725, -7.9875], [108.725, -8.01], [108.725, -8.0325], [108.725, -8.055], [108.725, -8.0775], [108.725, -8.1], [108.7675, -7.785], [108.7675, -7.8075], [108.7675, -7.83], [108.7675, -7.8525], [108.7675, -7.875], [108.7675, -7.8975], [108.7675, -7.92], [108.7675, -7.9425], [108.7675, -7.965], [108.7675, -7.9875], [108.7675, -8.01], [108.7675, -8.0325], [108.7675, -8.055], [108.7675, -8.0775], [108.7675, -8.1], [108.81, -8.1], [108.81, -8.0775], [108.81, -8.055], [108.81, -8.0325], [108.81, -8.01], [108.81, -7.9875], [108.81, -7.965], [108.81, -7.9425], [108.81, -7.92], [108.8525, -8.1], [108.8525, -8.0775], [108.8525, -8.055], [108.81, -7.8975], [108.8525, -8.0325], [108.8525, -8.01], [108.81, -7.875], [108.8525, -7.9875], [108.895, -8.1], [108.895, -8.0775], [108.8525, -7.965], [108.81, -7.8525], [108.895, -8.055], [108.8525, -7.9425], [108.895, -8.0325], [108.9375, -8.1], [108.895, -8.01], [108.8525, -7.92], [108.81, -7.83], [108.9375, -8.0775], [108.895, -7.9875], [108.9375, -8.055], [108.8525, -7.8975], [108.895, -7.965], [108.9375, -8.0325], [108.98, -8.1], [108.98, -8.0775], [108.9375, -8.01], [108.895, -7.9425], [108.8525, -7.875], [108.98, -8.055], [108.9375, -7.9875], [109.0225, -8.1], [108.81, -7.8075], [108.895, -7.92], [108.98, -8.0325], [109.0225, -8.0775], [108.9375, -7.965], [108.98, -8.01], [108.8525, -7.8525], [109.0225, -8.055], [109.065, -8.1], [108.895, -7.8975], [108.9375, -7.9425], [108.98, -7.9875], [109.0225, -8.0325], [109.065, -8.0775], [109.1075, -8.1], [109.065, -8.055], [109.0225, -8.01], [108.98, -7.965], [108.9375, -7.92], [108.895, -7.875], [109.1075, -8.0775], [109.065, -8.0325], [108.8525, -7.83], [109.0225, -7.9875], [109.15, -8.1], [108.98, -7.9425], [109.1075, -8.055], [109.065, -8.01], [108.9375, -7.8975], [109.15, -8.0775], [109.0225, -7.965], [109.1075, -8.0325], [109.1925, -8.1], [108.81, -7.785], [108.895, -7.8525], [108.98, -7.92], [109.065, -7.9875], [109.15, -8.055], [109.1925, -8.0775], [109.1075, -8.01], [109.0225, -7.9425], [109.235, -8.1], [109.15, -8.0325], [108.9375, -7.875], [109.065, -7.965], [109.1925, -8.055], [109.235, -8.0775], [109.1075, -7.9875], [108.98, -7.8975], [109.2775, -8.1], [109.15, -8.01], [109.1925, -8.0325], [109.0225, -7.92], [108.8525, -7.8075], [109.235, -8.055], [109.065, -7.9425], [109.2775, -8.0775], [109.32, -8.1], [109.1075, -7.965], [109.15, -7.9875], [108.895, -7.83], [109.1925, -8.01], [109.235, -8.0325], [109.2775, -8.055], [108.9375, -7.8525], [109.32, -8.0775], [109.3625, -8.1], [108.98, -7.875], [109.0225, -7.8975], [109.065, -7.92], [109.1075, -7.9425], [109.15, -7.965], [109.1925, -7.9875], [109.235, -8.01], [109.2775, -8.0325], [109.32, -8.055], [109.3625, -8.0775], [109.3625, -8.055], [109.32, -8.0325], [109.2775, -8.01], [109.235, -7.9875], [109.1925, -7.965], [109.15, -7.9425], [109.1075, -7.92], [109.065, -7.8975], [109.0225, -7.875], [108.98, -7.8525], [109.3625, -8.0325], [109.32, -8.01], [109.2775, -7.9875], [108.9375, -7.83], [109.235, -7.965], [109.1925, -7.9425], [109.15, -7.92], [109.3625, -8.01], [108.895, -7.8075], [109.1075, -7.8975], [109.32, -7.9875], [109.2775, -7.965], [109.065, -7.875], [109.235, -7.9425], [109.3625, -7.9875], [109.1925, -7.92], [109.0225, -7.8525], [109.32, -7.965], [108.8525, -7.785], [109.15, -7.8975], [109.2775, -7.9425], [108.98, -7.83], [109.1075, -7.875], [109.235, -7.92], [109.3625, -7.965], [109.32, -7.9425], [109.1925, -7.8975], [109.065, -7.8525], [109.2775, -7.92], [108.9375, -7.8075], [109.15, -7.875], [109.3625, -7.9425], [109.235, -7.8975], [109.32, -7.92], [109.0225, -7.83], [109.1075, -7.8525], [109.1925, -7.875], [109.2775, -7.8975], [109.3625, -7.92], [109.32, -7.8975], [109.235, -7.875], [109.15, -7.8525], [109.065, -7.83], [108.98, -7.8075], [108.895, -7.785], [109.3625, -7.8975], [109.2775, -7.875], [109.1925, -7.8525], [109.1075, -7.83], [109.32, -7.875], [108.81, -7.7625], [109.0225, -7.8075], [109.235, -7.8525], [109.3625, -7.875], [109.15, -7.83], [109.2775, -7.8525], [108.9375, -7.785], [109.065, -7.8075], [109.1925, -7.83], [109.32, -7.8525], [109.235, -7.83], [109.1075, -7.8075], [109.2775, -7.83], [108.98, -7.785], [109.15, -7.8075], [109.32, -7.83], [109.1925, -7.8075], [109.0225, -7.785], [109.235, -7.8075], [109.2775, -7.8075], [109.065, -7.785], [108.8525, -7.7625], [109.32, -7.8075], [109.1075, -7.785], [109.15, -7.785], [109.1925, -7.785], [108.895, -7.7625], [109.235, -7.785], [109.2775, -7.785], [108.9375, -7.7625], [108.98, -7.7625], [109.0225, -7.7625], [109.065, -7.7625], [109.1075, -7.7625], [109.15, -7.7625], [109.1925, -7.7625], [109.235, -7.7625], [109.2775, -7.7625], [109.235, -7.74], [109.1925, -7.74], [109.15, -7.74], [109.1075, -7.74], [109.065, -7.74], [109.0225, -7.74], [108.98, -7.74], [109.235, -7.7175], [108.9375, -7.74], [109.1925, -7.7175], [109.15, -7.7175], [109.1075, -7.7175], [108.895, -7.74], [109.065, -7.7175], [109.235, -7.695], [109.1925, -7.695], [109.0225, -7.7175], [109.15, -7.695], [108.8525, -7.74], [108.98, -7.7175], [109.1075, -7.695], [109.1925, -7.6725], [109.065, -7.695], [109.15, -7.6725], [108.9375, -7.7175], [109.0225, -7.695], [109.1075, -7.6725], [109.1925, -7.65], [109.15, -7.65], [109.065, -7.6725], [108.98, -7.695], [108.895, -7.7175], [109.1075, -7.65], [109.0225, -7.6725], [109.15, -7.6275], [109.065, -7.65], [108.9375, -7.695], [108.81, -7.74], [109.1075, -7.6275], [108.98, -7.6725], [109.15, -7.605], [109.0225, -7.65], [109.065, -7.6275], [109.1075, -7.605], [108.8525, -7.7175], [109.15, -7.5825], [108.895, -7.695], [108.9375, -7.6725], [108.98, -7.65], [109.0225, -7.6275], [109.065, -7.605], [109.1075, -7.5825], [109.1075, -7.56], [109.065, -7.5825], [109.0225, -7.605], [108.98, -7.6275], [108.9375, -7.65], [109.1075, -7.5375], [108.895, -7.6725], [109.065, -7.56], [109.0225, -7.5825], [108.98, -7.605], [108.8525, -7.695], [109.065, -7.5375], [108.9375, -7.6275], [109.0225, -7.56], [109.065, -7.515], [108.98, -7.5825], [108.895, -7.65], [109.0225, -7.5375], [109.065, -7.4925], [108.9375, -7.605], [108.98, -7.56], [108.81, -7.7175], [109.0225, -7.515], [109.065, -7.47], [108.8525, -7.6725], [108.895, -7.6275], [108.9375, -7.5825], [108.98, -7.5375], [109.0225, -7.4925], [109.0225, -7.47], [108.98, -7.515], [108.9375, -7.56], [108.895, -7.605], [109.0225, -7.4475], [108.98, -7.4925], [108.8525, -7.65], [108.9375, -7.5375], [109.0225, -7.425], [108.98, -7.47], [108.895, -7.5825], [109.0225, -7.4025], [108.9375, -7.515], [108.98, -7.4475], [108.81, -7.695], [108.8525, -7.6275], [108.895, -7.56], [108.9375, -7.4925], [108.98, -7.425], [108.98, -7.4025], [108.9375, -7.47], [108.895, -7.5375], [108.98, -7.38], [108.8525, -7.605], [108.9375, -7.4475], [108.98, -7.3575], [108.895, -7.515], [108.9375, -7.425], [108.81, -7.6725], [108.8525, -7.5825], [108.895, -7.4925], [108.9375, -7.4025], [108.9375, -7.38], [108.895, -7.47], [108.8525, -7.56], [108.9375, -7.3575], [108.895, -7.4475], [108.9375, -7.335], [108.895, -7.425], [108.8525, -7.5375], [108.81, -7.65], [108.895, -7.4025], [108.8525, -7.515], [108.895, -7.38], [108.895, -7.3575], [108.8525, -7.4925], [108.81, -7.6275], [108.895, -7.335], [108.8525, -7.47], [108.8525, -7.4475], [108.81, -7.605], [108.8525, -7.425], [108.8525, -7.4025], [108.81, -7.5825], [108.8525, -7.38], [108.8525, -7.3575], [108.81, -7.56], [108.8525, -7.335], [108.8525, -7.3125], [108.81, -7.5375], [108.81, -7.515], [108.81, -7.4925], [108.81, -7.47], [108.81, -7.4475], [108.81, -7.425], [108.81, -7.4025], [108.81, -7.38], [108.81, -7.3575], [108.81, -7.335], [108.81, -7.3125], [108.7675, -7.335], [108.7675, -7.3575], [108.7675, -7.38], [108.7675, -7.4025], [108.7675, -7.425], [108.7675, -7.4475], [108.7675, -7.47], [108.7675, -7.4925], [108.7675, -7.515], [108.7675, -7.5375], [108.7675, -7.56], [108.7675, -7.5825], [108.7675, -7.605], [108.7675, -7.6275], [108.7675, -7.65], [108.7675, -7.6725], [108.7675, -7.695], [108.7675, -7.7175], [108.725, -7.335], [108.725, -7.3575], [108.725, -7.38], [108.725, -7.4025], [108.725, -7.425], [108.725, -7.4475], [108.725, -7.47], [108.725, -7.4925], [108.725, -7.515], [108.6825, -7.335], [108.725, -7.5375], [108.6825, -7.3575], [108.6825, -7.38], [108.725, -7.56], [108.6825, -7.4025], [108.7675, -7.74], [108.725, -7.5825], [108.6825, -7.425], [108.6825, -7.4475], [108.725, -7.605], [108.6825, -7.47], [108.64, -7.335], [108.64, -7.3575], [108.6825, -7.4925], [108.64, -7.38], [108.725, -7.6275], [108.6825, -7.515], [108.64, -7.4025], [108.64, -7.425], [108.6825, -7.5375], [108.5975, -7.335], [108.64, -7.4475], [108.5975, -7.3575], [108.725, -7.65], [108.6825, -7.56], [108.64, -7.47], [108.5975, -7.38], [108.5975, -7.4025], [108.64, -7.4925], [108.6825, -7.5825], [108.5975, -7.425], [108.555, -7.3575], [108.64, -7.515], [108.725, -7.6725], [108.5975, -7.4475], [108.555, -7.38], [108.6825, -7.605], [108.64, -7.5375], [108.5975, -7.47], [108.555, -7.4025], [108.5125, -7.3575], [108.555, -7.425], [108.5975, -7.4925], [108.64, -7.56], [108.5125, -7.38], [108.6825, -7.6275], [108.555, -7.4475], [108.5975, -7.515], [108.5125, -7.4025], [108.47, -7.3575], [108.555, -7.47], [108.64, -7.5825], [108.725, -7.695], [108.5125, -7.425], [108.5975, -7.5375], [108.47, -7.38], [108.555, -7.4925], [108.5125, -7.4475], [108.6825, -7.65], [108.47, -7.4025], [108.4275, -7.3575], [108.64, -7.605], [108.5975, -7.56], [108.555, -7.515], [108.5125, -7.47], [108.47, -7.425], [108.4275, -7.38], [108.4275, -7.4025], [108.47, -7.4475], [108.5125, -7.4925], [108.555, -7.5375], [108.5975, -7.5825], [108.385, -7.38], [108.64, -7.6275], [108.4275, -7.425], [108.47, -7.47], [108.5125, -7.515], [108.6825, -7.6725], [108.385, -7.4025], [108.555, -7.56], [108.4275, -7.4475], [108.3425, -7.38], [108.47, -7.4925], [108.5975, -7.605], [108.385, -7.425], [108.5125, -7.5375], [108.4275, -7.47], [108.3425, -7.4025], [108.3, -7.38], [108.385, -7.4475], [108.47, -7.515], [108.555, -7.5825], [108.64, -7.65], [108.725, -7.7175], [108.3425, -7.425], [108.4275, -7.4925], [108.5125, -7.56], [108.3, -7.4025], [108.385, -7.47], [108.5975, -7.6275], [108.47, -7.5375], [108.3425, -7.4475], [108.3, -7.425], [108.4275, -7.515], [108.555, -7.605], [108.385, -7.4925], [108.6825, -7.695], [108.5125, -7.5825], [108.3425, -7.47], [108.3, -7.4475], [108.47, -7.56], [108.4275, -7.5375], [108.64, -7.6725], [108.385, -7.515], [108.3425, -7.4925], [108.3, -7.47], [108.5975, -7.65], [108.555, -7.6275], [108.5125, -7.605], [108.47, -7.5825], [108.4275, -7.56], [108.385, -7.5375], [108.3425, -7.515], [108.3, -7.4925], [108.3, -7.515], [108.3425, -7.5375], [108.385, -7.56], [108.4275, -7.5825], [108.47, -7.605], [108.5125, -7.6275], [108.555, -7.65], [108.5975, -7.6725], [108.3, -7.5375], [108.3425, -7.56], [108.64, -7.695], [108.385, -7.5825], [108.4275, -7.605], [108.47, -7.6275], [108.6825, -7.7175], [108.3, -7.56], [108.5125, -7.65], [108.3425, -7.5825], [108.385, -7.605], [108.555, -7.6725], [108.4275, -7.6275], [108.3, -7.5825], [108.3425, -7.605], [108.47, -7.65], [108.5975, -7.695], [108.385, -7.6275], [108.3, -7.605], [108.5125, -7.6725], [108.725, -7.74], [108.4275, -7.65], [108.3425, -7.6275], [108.64, -7.7175], [108.555, -7.695], [108.47, -7.6725], [108.385, -7.65], [108.3, -7.6275], [108.3425, -7.65], [108.4275, -7.6725], [108.5125, -7.695], [108.3, -7.65], [108.385, -7.6725], [108.5975, -7.7175], [108.47, -7.695], [108.3425, -7.6725], [108.3, -7.6725], [108.4275, -7.695], [108.555, -7.7175], [108.6825, -7.74], [108.385, -7.695], [108.5125, -7.7175], [108.3425, -7.695], [108.3, -7.695], [108.47, -7.7175], [108.64, -7.74], [108.4275, -7.7175], [108.385, -7.7175], [108.3425, -7.7175], [108.5975, -7.74], [108.3, -7.7175], [108.555, -7.74], [108.5125, -7.74], [108.47, -7.74], [108.4275, -7.74], [108.385, -7.74], [108.3425, -7.74], [108.3, -7.74], [108.3, -7.7625]]]}}, {"type": "Feature", "properties": {"KABKOT": "DEMAK", "name": "Kabupaten Demak", "GEO_KEY": "DEMAK"}, "geometry": {"type": "Polygon", "coordinates": [[[110.51, -6.93], [110.5525, -6.93], [110.51, -6.9525], [110.5525, -6.9525], [110.595, -6.93], [110.5525, -6.975], [110.5525, -6.9975], [110.595, -6.9525], [110.5525, -7.02], [110.5525, -7.0425], [110.595, -6.975], [110.595, -6.9975], [110.595, -7.02], [110.595, -7.0425], [110.595, -7.065], [110.595, -7.0875], [110.595, -7.11], [110.6375, -7.1325], [110.6375, -7.11], [110.6375, -7.0875], [110.6375, -7.065], [110.6375, -7.0425], [110.6375, -7.02], [110.6375, -6.9975], [110.6375, -6.975], [110.68, -7.1325], [110.68, -7.11], [110.68, -7.0875], [110.6375, -6.9525], [110.68, -7.065], [110.68, -7.0425], [110.7225, -7.1325], [110.7225, -7.11], [110.68, -7.02], [110.7225, -7.0875], [110.7225, -7.065], [110.68, -6.9975], [110.6375, -6.93], [110.7225, -7.0425], [110.68, -6.975], [110.7225, -7.02], [110.765, -7.0425], [110.7225, -6.9975], [110.765, -7.02], [110.68, -6.9525], [110.7225, -6.975], [110.765, -6.9975], [110.765, -6.975], [110.7225, -6.9525], [110.68, -6.93], [110.765, -6.9525], [110.7225, -6.93], [110.765, -6.93], [110.765, -6.9075], [110.7225, -6.9075], [110.68, -6.9075], [110.6375, -6.9075], [110.765, -6.885], [110.7225, -6.885], [110.765, -6.8625], [110.68, -6.885], [110.7225, -6.8625], [110.7225, -6.84], [110.68, -6.8625], [110.7225, -6.8175], [110.7225, -6.795], [110.68, -6.84], [110.7225, -6.7725], [110.68, -6.8175], [110.6375, -6.885], [110.68, -6.795], [110.68, -6.7725], [110.68, -6.75], [110.6375, -6.8625], [110.6375, -6.84], [110.6375, -6.8175], [110.6375, -6.795], [110.6375, -6.7725], [110.6375, -6.75], [110.6375, -6.7275], [110.595, -6.7275], [110.595, -6.75], [110.595, -6.7725], [110.595, -6.795], [110.595, -6.8175], [110.5525, -6.7275], [110.595, -6.84], [110.5525, -6.75], [110.5525, -6.7725], [110.595, -6.8625], [110.5525, -6.795], [110.51, -6.7275], [110.51, -6.75], [110.5525, -6.8175], [110.51, -6.7725], [110.4675, -6.7275], [110.4675, -6.75], [110.51, -6.795], [110.5525, -6.84], [110.425, -6.7275], [110.4675, -6.7725], [110.595, -6.885], [110.51, -6.8175], [110.425, -6.75], [110.4675, -6.795], [110.5525, -6.8625], [110.51, -6.84], [110.4675, -6.8175], [110.4675, -6.84], [110.51, -6.8625], [110.5525, -6.885], [110.4675, -6.8625], [110.51, -6.885], [110.595, -6.9075], [110.5525, -6.9075], [110.51, -6.9075], [110.51, -6.93]]]}}, {"type": "Feature", "properties": {"KABKOT": "GROBOGAN", "name": "Kabupaten Grobogan", "GEO_KEY": "GROBOGAN"}, "geometry": {"type": "Polygon", "coordinates": [[[110.7225, -7.0875], [110.765, -7.0875], [110.8075, -7.0875], [110.85, -7.0875], [110.7225, -7.11], [110.765, -7.11], [110.68, -7.1325], [110.8925, -7.0875], [110.8075, -7.11], [110.7225, -7.1325], [110.68, -7.155], [110.765, -7.1325], [110.7225, -7.155], [110.85, -7.11], [110.8075, -7.1325], [110.765, -7.155], [110.7225, -7.1775], [110.7225, -7.2], [110.765, -7.1775], [110.8075, -7.155], [110.85, -7.1325], [110.8925, -7.11], [110.765, -7.2], [110.8075, -7.1775], [110.765, -7.2225], [110.85, -7.155], [110.8075, -7.2], [110.765, -7.245], [110.765, -7.2675], [110.8075, -7.2225], [110.85, -7.1775], [110.8925, -7.1325], [110.8075, -7.245], [110.85, -7.2], [110.8075, -7.2675], [110.935, -7.0875], [110.8925, -7.155], [110.85, -7.2225], [110.85, -7.245], [110.8925, -7.1775], [110.8925, -7.2], [110.8925, -7.2225], [110.8925, -7.245], [110.935, -7.11], [110.935, -7.1325], [110.935, -7.155], [110.935, -7.1775], [110.935, -7.2], [110.935, -7.2225], [110.9775, -7.2225], [110.9775, -7.2], [110.9775, -7.1775], [110.9775, -7.155], [111.02, -7.2225], [110.9775, -7.1325], [111.02, -7.2], [111.02, -7.1775], [110.9775, -7.11], [111.02, -7.155], [111.0625, -7.2], [111.0625, -7.1775], [111.105, -7.2], [111.02, -7.1325], [111.0625, -7.155], [111.105, -7.1775], [111.1475, -7.1775], [111.105, -7.155], [111.0625, -7.1325], [111.02, -7.11], [111.19, -7.1775], [111.1475, -7.155], [110.9775, -7.0875], [111.105, -7.1325], [111.19, -7.155], [111.0625, -7.11], [111.1475, -7.1325], [111.19, -7.1325], [111.105, -7.11], [111.1475, -7.11], [111.02, -7.0875], [111.19, -7.11], [111.0625, -7.0875], [111.105, -7.0875], [111.1475, -7.0875], [111.19, -7.0875], [111.19, -7.065], [111.1475, -7.065], [111.105, -7.065], [111.0625, -7.065], [111.02, -7.065], [111.19, -7.0425], [111.1475, -7.0425], [111.105, -7.0425], [111.19, -7.02], [111.1475, -7.02], [111.0625, -7.0425], [110.9775, -7.065], [111.105, -7.02], [111.1475, -6.9975], [111.02, -7.0425], [111.0625, -7.02], [111.105, -6.9975], [111.1475, -6.975], [111.1475, -6.9525], [111.105, -6.975], [111.0625, -6.9975], [111.02, -7.02], [111.105, -6.9525], [111.0625, -6.975], [111.105, -6.93], [110.9775, -7.0425], [111.02, -6.9975], [111.0625, -6.9525], [111.0625, -6.93], [111.02, -6.975], [111.0625, -6.9075], [111.02, -6.9525], [110.9775, -7.02], [111.02, -6.93], [111.02, -6.9075], [110.9775, -6.9975], [111.02, -6.885], [110.9775, -6.975], [110.9775, -6.9525], [110.9775, -6.93], [110.9775, -6.9075], [110.9775, -6.885], [110.935, -6.885], [110.935, -6.9075], [110.935, -6.93], [110.935, -6.9525], [110.935, -6.975], [110.935, -6.9975], [110.935, -7.02], [110.8925, -6.885], [110.935, -7.0425], [110.8925, -6.9075], [110.8925, -6.93], [110.8925, -6.9525], [110.8925, -6.975], [110.85, -6.9075], [110.85, -6.93], [110.8925, -6.9975], [110.85, -6.9525], [110.8075, -6.93], [110.85, -6.975], [110.8925, -7.02], [110.935, -7.065], [110.8075, -6.9525], [110.85, -6.9975], [110.8075, -6.975], [110.765, -6.9525], [110.8925, -7.0425], [110.85, -7.02], [110.8075, -6.9975], [110.765, -6.975], [110.765, -6.9975], [110.8075, -7.02], [110.85, -7.0425], [110.765, -7.02], [110.8075, -7.0425], [110.8925, -7.065], [110.765, -7.0425], [110.7225, -7.0425], [110.85, -7.065], [110.8075, -7.065], [110.765, -7.065], [110.7225, -7.065], [110.7225, -7.0875]]]}}, {"type": "Feature", "properties": {"KABKOT": "JEPARA", "name": "Kabupaten Jepara", "GEO_KEY": "JEPARA"}, "geometry": {"type": "Polygon", "coordinates": [[[110.1275, -6.5025], [110.17, -6.5025], [110.2125, -6.5025], [110.255, -6.5025], [110.2975, -6.5025], [110.34, -6.5025], [110.17, -6.525], [110.3825, -6.5025], [110.2125, -6.525], [110.255, -6.525], [110.425, -6.5025], [110.2975, -6.525], [110.17, -6.5475], [110.2125, -6.5475], [110.34, -6.525], [110.255, -6.5475], [110.4675, -6.5025], [110.3825, -6.525], [110.2975, -6.5475], [110.2125, -6.57], [110.255, -6.57], [110.34, -6.5475], [110.2125, -6.5925], [110.2975, -6.57], [110.425, -6.525], [110.255, -6.5925], [110.3825, -6.5475], [110.34, -6.57], [110.2975, -6.5925], [110.255, -6.615], [110.2975, -6.615], [110.34, -6.5925], [110.3825, -6.57], [110.425, -6.5475], [110.4675, -6.525], [110.51, -6.5025], [110.2975, -6.6375], [110.34, -6.615], [110.3825, -6.5925], [110.2975, -6.66], [110.425, -6.57], [110.34, -6.6375], [110.3825, -6.615], [110.4675, -6.5475], [110.34, -6.66], [110.425, -6.5925], [110.3825, -6.6375], [110.34, -6.6825], [110.3825, -6.66], [110.425, -6.615], [110.4675, -6.57], [110.3825, -6.6825], [110.425, -6.6375], [110.51, -6.525], [110.3825, -6.705], [110.4675, -6.5925], [110.425, -6.66], [110.425, -6.6825], [110.4675, -6.615], [110.425, -6.705], [110.51, -6.5475], [110.4675, -6.6375], [110.425, -6.7275], [110.4675, -6.66], [110.4675, -6.6825], [110.51, -6.57], [110.4675, -6.705], [110.4675, -6.7275], [110.51, -6.5925], [110.51, -6.615], [110.51, -6.6375], [110.51, -6.66], [110.51, -6.6825], [110.51, -6.705], [110.51, -6.7275], [110.5525, -6.7275], [110.5525, -6.705], [110.5525, -6.6825], [110.5525, -6.66], [110.5525, -6.6375], [110.5525, -6.615], [110.5525, -6.5925], [110.5525, -6.57], [110.5525, -6.5475], [110.595, -6.7275], [110.595, -6.705], [110.5525, -6.525], [110.595, -6.6825], [110.595, -6.66], [110.595, -6.6375], [110.6375, -6.75], [110.6375, -6.7275], [110.595, -6.615], [110.6375, -6.705], [110.6375, -6.6825], [110.595, -6.5925], [110.68, -6.75], [110.6375, -6.66], [110.5525, -6.5025], [110.68, -6.7275], [110.595, -6.57], [110.6375, -6.6375], [110.68, -6.705], [110.68, -6.6825], [110.6375, -6.615], [110.7225, -6.7275], [110.68, -6.66], [110.7225, -6.705], [110.595, -6.5475], [110.6375, -6.5925], [110.68, -6.6375], [110.7225, -6.6825], [110.765, -6.705], [110.7225, -6.66], [110.68, -6.615], [110.6375, -6.57], [110.765, -6.6825], [110.7225, -6.6375], [110.765, -6.66], [110.68, -6.5925], [110.595, -6.525], [110.8075, -6.6825], [110.7225, -6.615], [110.765, -6.6375], [110.6375, -6.5475], [110.8075, -6.66], [110.68, -6.57], [110.7225, -6.5925], [110.765, -6.615], [110.8075, -6.6375], [110.85, -6.6375], [110.8075, -6.615], [110.765, -6.5925], [110.7225, -6.57], [110.68, -6.5475], [110.6375, -6.525], [110.85, -6.615], [110.8075, -6.5925], [110.765, -6.57], [110.8925, -6.615], [110.595, -6.5025], [110.7225, -6.5475], [110.85, -6.5925], [110.8075, -6.57], [110.8925, -6.5925], [110.68, -6.525], [110.765, -6.5475], [110.85, -6.57], [110.8925, -6.57], [110.8075, -6.5475], [110.7225, -6.525], [110.85, -6.5475], [110.6375, -6.5025], [110.765, -6.525], [110.8925, -6.5475], [110.8075, -6.525], [110.68, -6.5025], [110.85, -6.525], [110.8925, -6.525], [110.7225, -6.5025], [110.935, -6.525], [110.765, -6.5025], [110.8075, -6.5025], [110.85, -6.5025], [110.8925, -6.5025], [110.935, -6.5025], [110.935, -6.48], [110.8925, -6.48], [110.85, -6.48], [110.8075, -6.48], [110.765, -6.48], [110.7225, -6.48], [110.68, -6.48], [110.6375, -6.48], [110.595, -6.48], [110.935, -6.4575], [110.8925, -6.4575], [110.85, -6.4575], [110.8075, -6.4575], [110.9775, -6.435], [110.765, -6.4575], [110.935, -6.435], [110.8925, -6.435], [110.7225, -6.4575], [110.85, -6.435], [110.9775, -6.4125], [110.935, -6.4125], [110.8075, -6.435], [110.68, -6.4575], [110.8925, -6.4125], [110.9775, -6.39], [110.765, -6.435], [110.85, -6.4125], [110.935, -6.39], [110.9775, -6.3675], [110.8925, -6.39], [110.8075, -6.4125], [110.7225, -6.435], [110.6375, -6.4575], [110.5525, -6.48], [111.02, -6.345], [110.935, -6.3675], [110.85, -6.39], [110.765, -6.4125], [110.9775, -6.345], [110.8925, -6.3675], [111.02, -6.3225], [110.68, -6.435], [110.8075, -6.39], [110.935, -6.345], [110.9775, -6.3225], [110.85, -6.3675], [111.02, -6.3], [110.7225, -6.4125], [110.8925, -6.345], [110.935, -6.3225], [110.765, -6.39], [110.9775, -6.3], [110.8075, -6.3675], [110.85, -6.345], [110.8925, -6.3225], [110.935, -6.3], [110.595, -6.4575], [110.6375, -6.435], [110.68, -6.4125], [110.7225, -6.39], [110.765, -6.3675], [110.8075, -6.345], [110.85, -6.3225], [110.8925, -6.3], [110.85, -6.3], [110.8075, -6.3225], [110.765, -6.345], [110.7225, -6.3675], [110.68, -6.39], [110.8075, -6.3], [110.765, -6.3225], [110.6375, -6.4125], [110.7225, -6.345], [110.765, -6.3], [110.68, -6.3675], [110.7225, -6.3225], [110.595, -6.435], [110.6375, -6.39], [110.68, -6.345], [110.7225, -6.3], [110.68, -6.3225], [110.6375, -6.3675], [110.595, -6.4125], [110.68, -6.3], [110.6375, -6.345], [110.6375, -6.3225], [110.595, -6.39], [110.6375, -6.3], [110.595, -6.3675], [110.5525, -6.4575], [110.595, -6.345], [110.595, -6.3225], [110.595, -6.3], [110.5525, -6.435], [110.5525, -6.4125], [110.5525, -6.39], [110.5525, -6.3675], [110.5525, -6.345], [110.5525, -6.3225], [110.5525, -6.3], [110.51, -6.3], [110.51, -6.3225], [110.51, -6.345], [110.51, -6.3675], [110.51, -6.39], [110.4675, -6.3], [110.51, -6.4125], [110.4675, -6.3225], [110.4675, -6.345], [110.425, -6.3], [110.4675, -6.3675], [110.51, -6.435], [110.425, -6.3225], [110.4675, -6.39], [110.425, -6.345], [110.3825, -6.3], [110.3825, -6.3225], [110.425, -6.3675], [110.4675, -6.4125], [110.34, -6.3], [110.3825, -6.345], [110.51, -6.4575], [110.425, -6.39], [110.34, -6.3225], [110.2975, -6.3], [110.3825, -6.3675], [110.34, -6.345], [110.2975, -6.3225], [110.4675, -6.435], [110.255, -6.3], [110.425, -6.4125], [110.3825, -6.39], [110.34, -6.3675], [110.2975, -6.345], [110.255, -6.3225], [110.2125, -6.3], [110.17, -6.3], [110.2125, -6.3225], [110.255, -6.345], [110.2975, -6.3675], [110.34, -6.39], [110.3825, -6.4125], [110.1275, -6.3], [110.17, -6.3225], [110.2125, -6.345], [110.425, -6.435], [110.255, -6.3675], [110.085, -6.3], [110.1275, -6.3225], [110.2975, -6.39], [110.17, -6.345], [110.0425, -6.3], [110.085, -6.3225], [110.2125, -6.3675], [110.34, -6.4125], [110.4675, -6.4575], [110.1275, -6.345], [110.255, -6.39], [110.0425, -6.3225], [110.17, -6.3675], [110.085, -6.345], [110.3825, -6.435], [110.2975, -6.4125], [110.2125, -6.39], [110.1275, -6.3675], [110.0425, -6.345], [110.085, -6.3675], [110.17, -6.39], [110.255, -6.4125], [110.34, -6.435], [110.1275, -6.39], [110.425, -6.4575], [110.2125, -6.4125], [110.085, -6.39], [110.2975, -6.435], [110.17, -6.4125], [110.1275, -6.4125], [110.255, -6.435], [110.3825, -6.4575], [110.085, -6.4125], [110.2125, -6.435], [110.17, -6.435], [110.34, -6.4575], [110.1275, -6.435], [110.085, -6.435], [110.2975, -6.4575], [110.51, -6.48], [110.255, -6.4575], [110.2125, -6.4575], [110.17, -6.4575], [110.1275, -6.4575], [110.085, -6.4575], [110.4675, -6.48], [110.425, -6.48], [110.3825, -6.48], [110.34, -6.48], [110.2975, -6.48], [110.255, -6.48], [110.2125, -6.48], [110.17, -6.48], [110.1275, -6.48], [110.1275, -6.5025]]]}}, {"type": "Feature", "properties": {"KABKOT": "KARANGANYAR", "name": "Kabupaten Karanganyar", "GEO_KEY": "KARANGANYAR"}, "geometry": {"type": "Polygon", "coordinates": [[[110.9775, -7.7175], [111.02, -7.7175], [111.0625, -7.7175], [111.105, -7.7175], [111.1475, -7.7175], [111.19, -7.7175], [111.2325, -7.7175], [111.275, -7.7175], [111.3175, -7.7175], [111.02, -7.74], [111.0625, -7.74], [111.36, -7.7175], [111.105, -7.74], [111.1475, -7.74], [111.19, -7.74], [111.0625, -7.7625], [111.2325, -7.74], [111.105, -7.7625], [111.1475, -7.7625], [111.275, -7.74], [111.19, -7.7625], [111.105, -7.785], [111.1475, -7.785], [111.2325, -7.7625], [111.19, -7.785], [111.3175, -7.74], [111.1475, -7.8075], [111.275, -7.7625], [111.2325, -7.785], [111.19, -7.8075], [111.19, -7.83], [111.2325, -7.8075], [111.275, -7.785], [111.3175, -7.7625], [111.2325, -7.83], [111.275, -7.8075], [111.2325, -7.8525], [111.36, -7.74], [111.3175, -7.785], [111.275, -7.83], [111.275, -7.8525], [111.3175, -7.8075], [111.275, -7.875], [111.3175, -7.83], [111.36, -7.7625], [111.3175, -7.8525], [111.3175, -7.875], [111.3175, -7.8975], [111.36, -7.785], [111.36, -7.8075], [111.36, -7.83], [111.36, -7.8525], [111.36, -7.875], [111.36, -7.8975], [111.36, -7.92], [111.4025, -7.9425], [111.4025, -7.92], [111.4025, -7.8975], [111.4025, -7.875], [111.4025, -7.8525], [111.4025, -7.83], [111.4025, -7.8075], [111.445, -7.965], [111.4025, -7.785], [111.445, -7.9425], [111.445, -7.92], [111.445, -7.8975], [111.4025, -7.7625], [111.445, -7.875], [111.4875, -7.9875], [111.4875, -7.965], [111.445, -7.8525], [111.4875, -7.9425], [111.53, -8.01], [111.4875, -7.92], [111.445, -7.83], [111.53, -7.9875], [111.4875, -7.8975], [111.53, -7.965], [111.5725, -8.0325], [111.5725, -8.01], [111.53, -7.9425], [111.4875, -7.875], [111.445, -7.8075], [111.615, -8.055], [111.5725, -7.9875], [111.4025, -7.74], [111.53, -7.92], [111.615, -8.0325], [111.4875, -7.8525], [111.5725, -7.965], [111.6575, -8.0775], [111.615, -8.01], [111.53, -7.8975], [111.6575, -8.055], [111.5725, -7.9425], [111.615, -7.9875], [111.445, -7.785], [111.6575, -8.0325], [111.7, -8.0775], [111.4875, -7.83], [111.53, -7.875], [111.5725, -7.92], [111.615, -7.965], [111.6575, -8.01], [111.7, -8.055], [111.7, -8.0325], [111.6575, -7.9875], [111.615, -7.9425], [111.5725, -7.8975], [111.53, -7.8525], [111.7, -8.01], [111.6575, -7.965], [111.4875, -7.8075], [111.615, -7.92], [111.7, -7.9875], [111.5725, -7.875], [111.6575, -7.9425], [111.7, -7.965], [111.615, -7.8975], [111.53, -7.83], [111.445, -7.7625], [111.6575, -7.92], [111.5725, -7.8525], [111.7, -7.9425], [111.615, -7.875], [111.4875, -7.785], [111.6575, -7.8975], [111.7, -7.92], [111.53, -7.8075], [111.5725, -7.83], [111.615, -7.8525], [111.6575, -7.875], [111.7, -7.8975], [111.7, -7.875], [111.6575, -7.8525], [111.615, -7.83], [111.5725, -7.8075], [111.53, -7.785], [111.4875, -7.7625], [111.7, -7.8525], [111.6575, -7.83], [111.445, -7.74], [111.615, -7.8075], [111.5725, -7.785], [111.7, -7.83], [111.6575, -7.8075], [111.53, -7.7625], [111.615, -7.785], [111.7, -7.8075], [111.6575, -7.785], [111.5725, -7.7625], [111.4875, -7.74], [111.7, -7.785], [111.615, -7.7625], [111.6575, -7.7625], [111.53, -7.74], [111.7, -7.7625], [111.5725, -7.74], [111.4025, -7.7175], [111.615, -7.74], [111.6575, -7.74], [111.7, -7.74], [111.445, -7.7175], [111.4875, -7.7175], [111.53, -7.7175], [111.5725, -7.7175], [111.615, -7.7175], [111.6575, -7.7175], [111.7, -7.7175], [111.7, -7.695], [111.6575, -7.695], [111.615, -7.695], [111.5725, -7.695], [111.7, -7.6725], [111.53, -7.695], [111.6575, -7.6725], [111.615, -7.6725], [111.4875, -7.695], [111.7, -7.65], [111.5725, -7.6725], [111.6575, -7.65], [111.7, -7.6275], [111.615, -7.65], [111.53, -7.6725], [111.6575, -7.6275], [111.445, -7.695], [111.5725, -7.65], [111.7, -7.605], [111.615, -7.6275], [111.6575, -7.605], [111.4875, -7.6725], [111.7, -7.5825], [111.53, -7.65], [111.5725, -7.6275], [111.615, -7.605], [111.6575, -7.5825], [111.7, -7.56], [111.6575, -7.56], [111.615, -7.5825], [111.5725, -7.605], [111.53, -7.6275], [111.4875, -7.65], [111.6575, -7.5375], [111.615, -7.56], [111.5725, -7.5825], [111.445, -7.6725], [111.53, -7.605], [111.615, -7.5375], [111.5725, -7.56], [111.4875, -7.6275], [111.615, -7.515], [111.53, -7.5825], [111.5725, -7.5375], [111.5725, -7.515], [111.53, -7.56], [111.4875, -7.605], [111.445, -7.65], [111.5725, -7.4925], [111.4025, -7.695], [111.53, -7.5375], [111.4875, -7.5825], [111.5725, -7.47], [111.53, -7.515], [111.445, -7.6275], [111.4875, -7.56], [111.53, -7.4925], [111.53, -7.47], [111.4875, -7.5375], [111.445, -7.605], [111.4875, -7.515], [111.4875, -7.4925], [111.445, -7.5825], [111.4875, -7.47], [111.4025, -7.6725], [111.445, -7.56], [111.445, -7.5375], [111.445, -7.515], [111.445, -7.4925], [111.4025, -7.65], [111.445, -7.47], [111.4025, -7.6275], [111.4025, -7.605], [111.4025, -7.5825], [111.4025, -7.56], [111.4025, -7.5375], [111.4025, -7.515], [111.4025, -7.4925], [111.36, -7.4925], [111.36, -7.515], [111.36, -7.5375], [111.36, -7.56], [111.36, -7.5825], [111.36, -7.605], [111.36, -7.6275], [111.3175, -7.4925], [111.3175, -7.515], [111.3175, -7.5375], [111.36, -7.65], [111.3175, -7.56], [111.275, -7.4925], [111.3175, -7.5825], [111.275, -7.515], [111.36, -7.6725], [111.3175, -7.605], [111.275, -7.5375], [111.2325, -7.4925], [111.275, -7.56], [111.2325, -7.515], [111.3175, -7.6275], [111.275, -7.5825], [111.2325, -7.5375], [111.19, -7.4925], [111.19, -7.515], [111.2325, -7.56], [111.275, -7.605], [111.3175, -7.65], [111.1475, -7.4925], [111.19, -7.5375], [111.2325, -7.5825], [111.1475, -7.515], [111.36, -7.695], [111.275, -7.6275], [111.19, -7.56], [111.1475, -7.5375], [111.2325, -7.605], [111.105, -7.515], [111.19, -7.5825], [111.1475, -7.56], [111.105, -7.5375], [111.3175, -7.6725], [111.0625, -7.515], [111.275, -7.65], [111.2325, -7.6275], [111.19, -7.605], [111.1475, -7.5825], [111.105, -7.56], [111.0625, -7.5375], [111.02, -7.515], [110.9775, -7.515], [111.02, -7.5375], [111.0625, -7.56], [111.105, -7.5825], [111.1475, -7.605], [111.19, -7.6275], [110.935, -7.515], [110.9775, -7.5375], [111.2325, -7.65], [111.02, -7.56], [111.0625, -7.5825], [110.935, -7.5375], [111.105, -7.605], [111.275, -7.6725], [110.9775, -7.56], [111.1475, -7.6275], [111.02, -7.5825], [110.935, -7.56], [111.0625, -7.605], [111.19, -7.65], [110.9775, -7.5825], [111.105, -7.6275], [111.02, -7.605], [111.3175, -7.695], [110.935, -7.5825], [111.2325, -7.6725], [111.1475, -7.65], [111.0625, -7.6275], [110.9775, -7.605], [110.935, -7.605], [111.02, -7.6275], [111.105, -7.65], [111.19, -7.6725], [110.9775, -7.6275], [111.0625, -7.65], [110.935, -7.6275], [111.275, -7.695], [111.1475, -7.6725], [111.02, -7.65], [110.9775, -7.65], [111.105, -7.6725], [110.935, -7.65], [111.2325, -7.695], [111.0625, -7.6725], [111.02, -7.6725], [110.9775, -7.6725], [111.19, -7.695], [110.935, -7.6725], [111.1475, -7.695], [111.105, -7.695], [111.0625, -7.695], [111.02, -7.695], [110.9775, -7.695], [110.935, -7.695], [110.9775, -7.7175]]]}}, {"type": "Feature", "properties": {"KABKOT": "KEBUMEN", "name": "Kabupaten Kebumen", "GEO_KEY": "KEBUMEN"}, "geometry": {"type": "Polygon", "coordinates": [[[109.3625, -7.83], [109.405, -7.83], [109.4475, -7.83], [109.49, -7.83], [109.5325, -7.83], [109.575, -7.83], [109.3625, -7.8525], [109.405, -7.8525], [109.4475, -7.8525], [109.3625, -7.875], [109.49, -7.8525], [109.405, -7.875], [109.3625, -7.8975], [109.4475, -7.875], [109.5325, -7.8525], [109.405, -7.8975], [109.3625, -7.92], [109.49, -7.875], [109.4475, -7.8975], [109.405, -7.92], [109.3625, -7.9425], [109.3625, -7.965], [109.405, -7.9425], [109.4475, -7.92], [109.49, -7.8975], [109.5325, -7.875], [109.3625, -7.9875], [109.405, -7.965], [109.4475, -7.9425], [109.3625, -8.01], [109.575, -7.8525], [109.49, -7.92], [109.405, -7.9875], [109.3625, -8.0325], [109.4475, -7.965], [109.405, -8.01], [109.5325, -7.8975], [109.3625, -8.055], [109.49, -7.9425], [109.4475, -7.9875], [109.405, -8.0325], [109.3625, -8.0775], [109.3625, -8.1], [109.405, -8.055], [109.4475, -8.01], [109.49, -7.965], [109.5325, -7.92], [109.405, -8.0775], [109.4475, -8.0325], [109.405, -8.1], [109.49, -7.9875], [109.4475, -8.055], [109.575, -7.875], [109.5325, -7.9425], [109.49, -8.01], [109.4475, -8.0775], [109.4475, -8.1], [109.49, -8.0325], [109.5325, -7.965], [109.49, -8.055], [109.49, -8.0775], [109.5325, -7.9875], [109.575, -7.8975], [109.49, -8.1], [109.5325, -8.01], [109.5325, -8.0325], [109.575, -7.92], [109.5325, -8.055], [109.5325, -8.0775], [109.575, -7.9425], [109.5325, -8.1], [109.575, -7.965], [109.575, -7.9875], [109.575, -8.01], [109.575, -8.0325], [109.575, -8.055], [109.575, -8.0775], [109.575, -8.1], [109.6175, -8.1], [109.6175, -8.0775], [109.6175, -8.055], [109.6175, -8.0325], [109.6175, -8.01], [109.6175, -7.9875], [109.6175, -7.965], [109.6175, -7.9425], [109.6175, -7.92], [109.6175, -7.8975], [109.66, -8.1], [109.66, -8.0775], [109.6175, -7.875], [109.66, -8.055], [109.66, -8.0325], [109.66, -8.01], [109.66, -7.9875], [109.7025, -8.1], [109.7025, -8.0775], [109.66, -7.965], [109.7025, -8.055], [109.6175, -7.8525], [109.66, -7.9425], [109.7025, -8.0325], [109.745, -8.1], [109.7025, -8.01], [109.745, -8.0775], [109.66, -7.92], [109.7025, -7.9875], [109.745, -8.055], [109.7875, -8.1], [109.745, -8.0325], [109.7025, -7.965], [109.7875, -8.0775], [109.745, -8.01], [109.66, -7.8975], [109.7875, -8.055], [109.7025, -7.9425], [109.745, -7.9875], [109.7875, -8.0325], [109.7875, -8.01], [109.745, -7.965], [109.7025, -7.92], [109.7875, -7.9875], [109.66, -7.875], [109.745, -7.9425], [109.83, -8.01], [109.7875, -7.965], [109.7025, -7.8975], [109.83, -7.9875], [109.745, -7.92], [109.7875, -7.9425], [109.83, -7.965], [109.83, -7.9425], [109.7875, -7.92], [109.745, -7.8975], [109.7025, -7.875], [109.66, -7.8525], [109.83, -7.92], [109.7875, -7.8975], [109.745, -7.875], [109.83, -7.8975], [109.7875, -7.875], [109.7025, -7.8525], [109.83, -7.875], [109.745, -7.8525], [109.6175, -7.83], [109.7875, -7.8525], [109.83, -7.8525], [109.66, -7.83], [109.7025, -7.83], [109.745, -7.83], [109.7875, -7.83], [109.83, -7.83], [109.83, -7.8075], [109.7875, -7.8075], [109.745, -7.8075], [109.83, -7.785], [109.7025, -7.8075], [109.7875, -7.785], [109.83, -7.7625], [109.745, -7.785], [109.7875, -7.7625], [109.66, -7.8075], [109.83, -7.74], [109.7025, -7.785], [109.745, -7.7625], [109.7875, -7.74], [109.83, -7.7175], [109.83, -7.695], [109.7875, -7.7175], [109.745, -7.74], [109.7025, -7.7625], [109.83, -7.6725], [109.7875, -7.695], [109.83, -7.65], [109.745, -7.7175], [109.66, -7.785], [109.7875, -7.6725], [109.83, -7.6275], [109.7025, -7.74], [109.745, -7.695], [109.7875, -7.65], [109.83, -7.605], [109.83, -7.5825], [109.7875, -7.6275], [109.745, -7.6725], [109.7025, -7.7175], [109.83, -7.56], [109.7875, -7.605], [109.66, -7.7625], [109.745, -7.65], [109.7875, -7.5825], [109.7025, -7.695], [109.745, -7.6275], [109.7875, -7.56], [109.7875, -7.5375], [109.745, -7.605], [109.7025, -7.6725], [109.66, -7.74], [109.745, -7.5825], [109.7025, -7.65], [109.745, -7.56], [109.6175, -7.8075], [109.66, -7.7175], [109.7025, -7.6275], [109.745, -7.5375], [109.7025, -7.605], [109.66, -7.695], [109.7025, -7.5825], [109.7025, -7.56], [109.66, -7.6725], [109.7025, -7.5375], [109.66, -7.65], [109.66, -7.6275], [109.6175, -7.785], [109.66, -7.605], [109.66, -7.5825], [109.66, -7.56], [109.66, -7.5375], [109.6175, -7.7625], [109.6175, -7.74], [109.6175, -7.7175], [109.6175, -7.695], [109.6175, -7.6725], [109.6175, -7.65], [109.6175, -7.6275], [109.6175, -7.605], [109.6175, -7.5825], [109.6175, -7.56], [109.6175, -7.5375], [109.575, -7.515], [109.575, -7.5375], [109.575, -7.56], [109.575, -7.5825], [109.575, -7.605], [109.575, -7.6275], [109.575, -7.65], [109.575, -7.6725], [109.5325, -7.515], [109.575, -7.695], [109.5325, -7.5375], [109.5325, -7.56], [109.575, -7.7175], [109.5325, -7.5825], [109.5325, -7.605], [109.575, -7.74], [109.5325, -7.6275], [109.49, -7.5375], [109.5325, -7.65], [109.49, -7.56], [109.49, -7.5825], [109.5325, -7.6725], [109.575, -7.7625], [109.49, -7.605], [109.5325, -7.695], [109.49, -7.6275], [109.49, -7.65], [109.5325, -7.7175], [109.4475, -7.605], [109.575, -7.785], [109.49, -7.6725], [109.4475, -7.6275], [109.5325, -7.74], [109.49, -7.695], [109.4475, -7.65], [109.4475, -7.6725], [109.49, -7.7175], [109.5325, -7.7625], [109.4475, -7.695], [109.49, -7.74], [109.4475, -7.7175], [109.405, -7.695], [109.575, -7.8075], [109.5325, -7.785], [109.49, -7.7625], [109.4475, -7.74], [109.405, -7.7175], [109.405, -7.74], [109.4475, -7.7625], [109.49, -7.785], [109.405, -7.7625], [109.5325, -7.8075], [109.4475, -7.785], [109.405, -7.785], [109.49, -7.8075], [109.3625, -7.785], [109.4475, -7.8075], [109.405, -7.8075], [109.3625, -7.8075], [109.3625, -7.83]]]}}, {"type": "Feature", "properties": {"KABKOT": "KENDAL", "name": "Kabupaten Kendal", "GEO_KEY": "KENDAL"}, "geometry": {"type": "Polygon", "coordinates": [[[110.0, -6.885], [110.0425, -6.885], [109.9575, -6.9075], [110.085, -6.885], [110.0, -6.9075], [109.9575, -6.93], [110.0425, -6.9075], [110.0, -6.93], [109.9575, -6.9525], [109.9575, -6.975], [110.0, -6.9525], [110.0425, -6.93], [110.085, -6.9075], [109.9575, -6.9975], [110.0, -6.975], [109.9575, -7.02], [110.0425, -6.9525], [110.0, -6.9975], [109.9575, -7.0425], [110.1275, -6.885], [110.085, -6.93], [110.0425, -6.975], [110.0, -7.02], [109.9575, -7.065], [109.9575, -7.0875], [110.0, -7.0425], [110.0425, -6.9975], [109.9575, -7.11], [110.0, -7.065], [109.9575, -7.1325], [110.085, -6.9525], [110.0425, -7.02], [110.0, -7.0875], [110.0, -7.11], [110.0425, -7.0425], [110.0, -7.1325], [110.085, -6.975], [110.0425, -7.065], [110.0, -7.155], [110.0425, -7.0875], [110.085, -6.9975], [110.0425, -7.11], [110.0425, -7.1325], [110.085, -7.02], [110.1275, -6.9075], [110.0425, -7.155], [110.085, -7.0425], [110.085, -7.065], [110.085, -7.0875], [110.085, -7.11], [110.1275, -6.93], [110.085, -7.1325], [110.085, -7.155], [110.1275, -6.9525], [110.1275, -6.975], [110.1275, -6.9975], [110.1275, -7.02], [110.1275, -7.0425], [110.1275, -7.065], [110.1275, -7.0875], [110.1275, -7.11], [110.1275, -7.1325], [110.1275, -7.155], [110.17, -7.1775], [110.17, -7.155], [110.17, -7.1325], [110.17, -7.11], [110.17, -7.0875], [110.17, -7.065], [110.17, -7.0425], [110.17, -7.02], [110.17, -6.9975], [110.2125, -7.1775], [110.2125, -7.155], [110.2125, -7.1325], [110.17, -6.975], [110.2125, -7.11], [110.2125, -7.0875], [110.17, -6.9525], [110.2125, -7.065], [110.255, -7.1775], [110.255, -7.155], [110.2125, -7.0425], [110.255, -7.1325], [110.255, -7.11], [110.2125, -7.02], [110.17, -6.93], [110.2975, -7.1775], [110.255, -7.0875], [110.2975, -7.155], [110.2125, -6.9975], [110.255, -7.065], [110.2975, -7.1325], [110.2975, -7.11], [110.255, -7.0425], [110.2125, -6.975], [110.2975, -7.0875], [110.255, -7.02], [110.17, -6.9075], [110.2975, -7.065], [110.34, -7.11], [110.2125, -6.9525], [110.255, -6.9975], [110.2975, -7.0425], [110.34, -7.0875], [110.34, -7.065], [110.2975, -7.02], [110.255, -6.975], [110.2125, -6.93], [110.2975, -6.9975], [110.255, -6.9525], [110.2975, -6.975], [110.2975, -6.9525], [110.255, -6.93], [110.2125, -6.9075], [110.17, -6.885], [110.2975, -6.93], [110.255, -6.9075], [110.2975, -6.9075], [110.2125, -6.885], [110.255, -6.885], [110.2975, -6.885], [110.2975, -6.8625], [110.255, -6.8625], [110.2125, -6.8625], [110.2975, -6.84], [110.255, -6.84], [110.17, -6.8625], [110.2975, -6.8175], [110.2125, -6.84], [110.255, -6.8175], [110.2975, -6.795], [110.2975, -6.7725], [110.255, -6.795], [110.2125, -6.8175], [110.2975, -6.75], [110.255, -6.7725], [110.255, -6.75], [110.2125, -6.795], [110.17, -6.84], [110.255, -6.7275], [110.2125, -6.7725], [110.255, -6.705], [110.255, -6.6825], [110.2125, -6.75], [110.17, -6.8175], [110.255, -6.66], [110.2125, -6.7275], [110.255, -6.6375], [110.255, -6.615], [110.2125, -6.705], [110.255, -6.5925], [110.17, -6.795], [110.2125, -6.6825], [110.2125, -6.66], [110.2125, -6.6375], [110.17, -6.7725], [110.2125, -6.615], [110.2125, -6.5925], [110.17, -6.75], [110.2125, -6.57], [110.2125, -6.5475], [110.17, -6.7275], [110.17, -6.705], [110.17, -6.6825], [110.17, -6.66], [110.17, -6.6375], [110.17, -6.615], [110.17, -6.5925], [110.17, -6.57], [110.17, -6.5475], [110.17, -6.525], [110.17, -6.5025], [110.1275, -6.4575], [110.1275, -6.48], [110.1275, -6.5025], [110.1275, -6.525], [110.1275, -6.5475], [110.1275, -6.57], [110.1275, -6.5925], [110.1275, -6.615], [110.1275, -6.6375], [110.1275, -6.66], [110.1275, -6.6825], [110.1275, -6.705], [110.1275, -6.7275], [110.1275, -6.75], [110.085, -6.4575], [110.1275, -6.7725], [110.085, -6.48], [110.085, -6.5025], [110.085, -6.525], [110.085, -6.5475], [110.1275, -6.795], [110.085, -6.57], [110.085, -6.5925], [110.085, -6.615], [110.085, -6.6375], [110.1275, -6.8175], [110.085, -6.66], [110.085, -6.6825], [110.0425, -6.5475], [110.0425, -6.57], [110.085, -6.705], [110.0425, -6.5925], [110.0425, -6.615], [110.085, -6.7275], [110.0425, -6.6375], [110.1275, -6.84], [110.085, -6.75], [110.0425, -6.66], [110.0425, -6.6825], [110.085, -6.7725], [110.0425, -6.705], [110.0425, -6.7275], [110.085, -6.795], [110.0425, -6.75], [110.0, -6.7275], [110.0425, -6.7725], [110.085, -6.8175], [110.0, -6.75], [110.0425, -6.795], [110.0, -6.7725], [110.1275, -6.8625], [110.085, -6.84], [110.0425, -6.8175], [110.0, -6.795], [110.0, -6.8175], [110.0425, -6.84], [110.0, -6.84], [110.085, -6.8625], [110.0425, -6.8625], [110.0, -6.8625], [110.0, -6.885]]]}}, {"type": "Feature", "properties": {"KABKOT": "KLATEN", "name": "Kabupaten Klaten", "GEO_KEY": "KLATEN"}, "geometry": {"type": "Polygon", "coordinates": [[[110.2975, -7.875], [110.34, -7.875], [110.3825, -7.875], [110.425, -7.875], [110.2975, -7.8975], [110.4675, -7.875], [110.34, -7.8975], [110.3825, -7.8975], [110.2975, -7.92], [110.34, -7.92], [110.425, -7.8975], [110.2975, -7.9425], [110.3825, -7.92], [110.34, -7.9425], [110.2975, -7.965], [110.2975, -7.9875], [110.34, -7.965], [110.3825, -7.9425], [110.425, -7.92], [110.4675, -7.8975], [110.2975, -8.01], [110.34, -7.9875], [110.3825, -7.965], [110.2975, -8.0325], [110.34, -8.01], [110.425, -7.9425], [110.2975, -8.055], [110.3825, -7.9875], [110.34, -8.0325], [110.2975, -8.0775], [110.2975, -8.1], [110.34, -8.055], [110.3825, -8.01], [110.425, -7.965], [110.4675, -7.92], [110.34, -8.0775], [110.3825, -8.0325], [110.34, -8.1], [110.425, -7.9875], [110.3825, -8.055], [110.51, -7.875], [110.4675, -7.9425], [110.425, -8.01], [110.3825, -8.0775], [110.3825, -8.1], [110.425, -8.0325], [110.4675, -7.965], [110.425, -8.055], [110.425, -8.0775], [110.4675, -7.9875], [110.425, -8.1], [110.4675, -8.01], [110.4675, -8.0325], [110.4675, -8.055], [110.4675, -8.0775], [110.4675, -8.1], [110.51, -7.8975], [110.51, -7.92], [110.51, -7.9425], [110.51, -7.965], [110.51, -7.9875], [110.51, -8.01], [110.51, -8.0325], [110.51, -8.055], [110.51, -8.0775], [110.51, -8.1], [110.5525, -8.1], [110.5525, -8.0775], [110.5525, -8.055], [110.5525, -8.0325], [110.5525, -8.01], [110.5525, -7.9875], [110.595, -8.1], [110.595, -8.0775], [110.5525, -7.965], [110.595, -8.055], [110.595, -8.0325], [110.5525, -7.9425], [110.6375, -8.1], [110.595, -8.01], [110.6375, -8.0775], [110.6375, -8.055], [110.595, -7.9875], [110.5525, -7.92], [110.6375, -8.0325], [110.595, -7.965], [110.6375, -8.01], [110.68, -8.055], [110.68, -8.0325], [110.6375, -7.9875], [110.595, -7.9425], [110.68, -8.01], [110.5525, -7.8975], [110.6375, -7.965], [110.68, -7.9875], [110.595, -7.92], [110.6375, -7.9425], [110.68, -7.965], [110.68, -7.9425], [110.6375, -7.92], [110.595, -7.8975], [110.68, -7.92], [110.7225, -7.92], [110.6375, -7.8975], [110.5525, -7.875], [110.68, -7.8975], [110.7225, -7.8975], [110.595, -7.875], [110.6375, -7.875], [110.68, -7.875], [110.7225, -7.875], [110.7225, -7.8525], [110.68, -7.8525], [110.6375, -7.8525], [110.7225, -7.83], [110.595, -7.8525], [110.68, -7.83], [110.7225, -7.8075], [110.6375, -7.83], [110.68, -7.8075], [110.7225, -7.785], [110.5525, -7.8525], [110.595, -7.83], [110.6375, -7.8075], [110.68, -7.785], [110.7225, -7.7625], [110.7225, -7.74], [110.68, -7.7625], [110.6375, -7.785], [110.7225, -7.7175], [110.595, -7.8075], [110.68, -7.74], [110.7225, -7.695], [110.6375, -7.7625], [110.68, -7.7175], [110.7225, -7.6725], [110.5525, -7.83], [110.595, -7.785], [110.6375, -7.74], [110.68, -7.695], [110.7225, -7.65], [110.7225, -7.6275], [110.68, -7.6725], [110.6375, -7.7175], [110.595, -7.7625], [110.68, -7.65], [110.6375, -7.695], [110.68, -7.6275], [110.6375, -7.6725], [110.595, -7.74], [110.5525, -7.8075], [110.6375, -7.65], [110.595, -7.7175], [110.6375, -7.6275], [110.595, -7.695], [110.5525, -7.785], [110.595, -7.6725], [110.595, -7.65], [110.5525, -7.7625], [110.595, -7.6275], [110.5525, -7.74], [110.5525, -7.7175], [110.5525, -7.695], [110.5525, -7.6725], [110.5525, -7.65], [110.5525, -7.6275], [110.51, -7.6275], [110.51, -7.65], [110.51, -7.6725], [110.51, -7.695], [110.51, -7.7175], [110.51, -7.74], [110.51, -7.7625], [110.51, -7.785], [110.51, -7.8075], [110.51, -7.83], [110.4675, -7.6275], [110.4675, -7.65], [110.4675, -7.6725], [110.4675, -7.695], [110.4675, -7.7175], [110.51, -7.8525], [110.4675, -7.74], [110.425, -7.6275], [110.425, -7.65], [110.4675, -7.7625], [110.425, -7.6725], [110.425, -7.695], [110.4675, -7.785], [110.425, -7.7175], [110.3825, -7.65], [110.3825, -7.6725], [110.425, -7.74], [110.3825, -7.695], [110.4675, -7.8075], [110.425, -7.7625], [110.3825, -7.7175], [110.3825, -7.74], [110.425, -7.785], [110.3825, -7.7625], [110.4675, -7.83], [110.34, -7.74], [110.425, -7.8075], [110.3825, -7.785], [110.34, -7.7625], [110.34, -7.785], [110.3825, -7.8075], [110.425, -7.83], [110.34, -7.8075], [110.4675, -7.8525], [110.3825, -7.83], [110.34, -7.83], [110.425, -7.8525], [110.3825, -7.8525], [110.34, -7.8525], [110.2975, -7.8525], [110.2975, -7.875]]]}}, {"type": "Feature", "properties": {"KABKOT": "KUDUS", "name": "Kabupaten Kudus", "GEO_KEY": "KUDUS"}, "geometry": {"type": "Polygon", "coordinates": [[[110.7225, -6.795], [110.765, -6.795], [110.7225, -6.8175], [110.8075, -6.795], [110.765, -6.8175], [110.7225, -6.84], [110.7225, -6.8625], [110.765, -6.84], [110.765, -6.8625], [110.8075, -6.8175], [110.765, -6.885], [110.765, -6.9075], [110.765, -6.93], [110.8075, -6.84], [110.765, -6.9525], [110.8075, -6.8625], [110.8075, -6.885], [110.8075, -6.9075], [110.8075, -6.93], [110.8075, -6.9525], [110.85, -6.93], [110.85, -6.9075], [110.85, -6.885], [110.85, -6.8625], [110.85, -6.84], [110.8925, -6.9075], [110.85, -6.8175], [110.8925, -6.885], [110.8925, -6.8625], [110.935, -6.885], [110.8925, -6.84], [110.935, -6.8625], [110.9775, -6.885], [110.9775, -6.8625], [110.935, -6.84], [110.8925, -6.8175], [110.85, -6.795], [110.9775, -6.84], [110.935, -6.8175], [110.8925, -6.795], [110.935, -6.795], [110.935, -6.7725], [110.8925, -6.7725], [110.935, -6.75], [110.935, -6.7275], [110.8925, -6.75], [110.935, -6.705], [110.85, -6.7725], [110.8925, -6.7275], [110.935, -6.6825], [110.8925, -6.705], [110.8925, -6.6825], [110.85, -6.75], [110.8925, -6.66], [110.8925, -6.6375], [110.8925, -6.615], [110.85, -6.7275], [110.85, -6.705], [110.85, -6.6825], [110.85, -6.66], [110.85, -6.6375], [110.85, -6.615], [110.8075, -6.6375], [110.8075, -6.66], [110.8075, -6.6825], [110.8075, -6.705], [110.8075, -6.7275], [110.765, -6.6825], [110.8075, -6.75], [110.765, -6.705], [110.765, -6.7275], [110.7225, -6.705], [110.8075, -6.7725], [110.765, -6.75], [110.7225, -6.7275], [110.68, -6.7275], [110.7225, -6.75], [110.68, -6.75], [110.765, -6.7725], [110.7225, -6.7725], [110.68, -6.7725], [110.7225, -6.795]]]}}, {"type": "Feature", "properties": {"KABKOT": "MAGELANG", "name": "Kabupaten Magelang", "GEO_KEY": "MAGELANG"}, "geometry": {"type": "Polygon", "coordinates": [[[110.1275, -7.65], [110.17, -7.65], [110.2125, -7.65], [110.1275, -7.6725], [110.17, -7.6725], [110.17, -7.695], [110.2125, -7.6725], [110.17, -7.7175], [110.2125, -7.695], [110.2125, -7.7175], [110.255, -7.65], [110.2125, -7.74], [110.2125, -7.7625], [110.255, -7.6725], [110.255, -7.695], [110.255, -7.7175], [110.255, -7.74], [110.255, -7.7625], [110.255, -7.785], [110.255, -7.8075], [110.255, -7.83], [110.2975, -7.8525], [110.2975, -7.83], [110.2975, -7.8075], [110.2975, -7.785], [110.2975, -7.7625], [110.2975, -7.74], [110.34, -7.8525], [110.34, -7.83], [110.34, -7.8075], [110.2975, -7.7175], [110.34, -7.785], [110.34, -7.7625], [110.2975, -7.695], [110.34, -7.74], [110.34, -7.7175], [110.2975, -7.6725], [110.3825, -7.74], [110.34, -7.695], [110.3825, -7.7175], [110.3825, -7.695], [110.34, -7.6725], [110.2975, -7.65], [110.3825, -7.6725], [110.34, -7.65], [110.3825, -7.65], [110.425, -7.65], [110.425, -7.6275], [110.3825, -7.6275], [110.34, -7.6275], [110.425, -7.605], [110.3825, -7.605], [110.2975, -7.6275], [110.425, -7.5825], [110.34, -7.605], [110.3825, -7.5825], [110.425, -7.56], [110.425, -7.5375], [110.3825, -7.56], [110.34, -7.5825], [110.425, -7.515], [110.3825, -7.5375], [110.2975, -7.605], [110.34, -7.56], [110.3825, -7.515], [110.34, -7.5375], [110.2975, -7.5825], [110.34, -7.515], [110.2975, -7.56], [110.2975, -7.5375], [110.2975, -7.515], [110.255, -7.515], [110.255, -7.5375], [110.255, -7.56], [110.255, -7.5825], [110.255, -7.605], [110.2125, -7.515], [110.255, -7.6275], [110.2125, -7.5375], [110.2125, -7.56], [110.17, -7.515], [110.2125, -7.5825], [110.17, -7.5375], [110.1275, -7.515], [110.17, -7.56], [110.1275, -7.5375], [110.2125, -7.605], [110.085, -7.515], [110.17, -7.5825], [110.1275, -7.56], [110.085, -7.5375], [110.0425, -7.515], [110.0425, -7.5375], [110.085, -7.56], [110.1275, -7.5825], [110.17, -7.605], [110.0425, -7.56], [110.085, -7.5825], [110.1275, -7.605], [110.2125, -7.6275], [110.085, -7.605], [110.17, -7.6275], [110.1275, -7.6275], [110.085, -7.6275], [110.1275, -7.65]]]}}, {"type": "Feature", "properties": {"KABKOT": "PATI", "name": "Kabupaten Pati", "GEO_KEY": "PATI"}, "geometry": {"type": "Polygon", "coordinates": [[[110.8925, -6.6375], [110.935, -6.6375], [110.9775, -6.6375], [111.02, -6.6375], [110.8925, -6.66], [110.935, -6.66], [110.8925, -6.6825], [110.9775, -6.66], [110.935, -6.6825], [110.935, -6.705], [110.9775, -6.6825], [111.02, -6.66], [110.935, -6.7275], [110.9775, -6.705], [110.935, -6.75], [110.935, -6.7725], [110.9775, -6.7275], [110.935, -6.795], [111.02, -6.6825], [110.9775, -6.75], [110.935, -6.8175], [110.935, -6.84], [110.9775, -6.7725], [111.02, -6.705], [110.9775, -6.795], [110.9775, -6.8175], [111.02, -6.7275], [110.9775, -6.84], [110.9775, -6.8625], [111.02, -6.75], [110.9775, -6.885], [111.02, -6.7725], [111.02, -6.795], [111.02, -6.8175], [111.02, -6.84], [111.02, -6.8625], [111.02, -6.885], [111.02, -6.9075], [111.0625, -6.93], [111.0625, -6.9075], [111.0625, -6.885], [111.0625, -6.8625], [111.0625, -6.84], [111.0625, -6.8175], [111.0625, -6.795], [111.0625, -6.7725], [111.0625, -6.75], [111.0625, -6.7275], [111.0625, -6.705], [111.0625, -6.6825], [111.105, -6.9525], [111.105, -6.93], [111.105, -6.9075], [111.105, -6.885], [111.0625, -6.66], [111.105, -6.8625], [111.105, -6.84], [111.105, -6.8175], [111.1475, -6.9525], [111.105, -6.795], [111.1475, -6.93], [111.1475, -6.9075], [111.105, -6.7725], [111.1475, -6.885], [111.1475, -6.8625], [111.105, -6.75], [111.19, -6.9525], [111.1475, -6.84], [111.19, -6.93], [111.19, -6.9075], [111.1475, -6.8175], [111.105, -6.7275], [111.19, -6.885], [111.1475, -6.795], [111.19, -6.8625], [111.19, -6.84], [111.1475, -6.7725], [111.105, -6.705], [111.19, -6.8175], [111.1475, -6.75], [111.19, -6.795], [111.19, -6.7725], [111.1475, -6.7275], [111.105, -6.6825], [111.0625, -6.6375], [111.19, -6.75], [111.1475, -6.705], [111.19, -6.7275], [111.105, -6.66], [111.1475, -6.6825], [111.19, -6.705], [111.19, -6.6825], [111.1475, -6.66], [111.19, -6.66], [111.105, -6.6375], [111.1475, -6.6375], [111.19, -6.6375], [111.19, -6.615], [111.1475, -6.615], [111.19, -6.5925], [111.105, -6.615], [111.1475, -6.5925], [111.19, -6.57], [111.1475, -6.57], [111.105, -6.5925], [111.1475, -6.5475], [111.1475, -6.525], [111.105, -6.57], [111.1475, -6.5025], [111.1475, -6.48], [111.105, -6.5475], [111.1475, -6.4575], [111.1475, -6.435], [111.105, -6.525], [111.1475, -6.4125], [111.1475, -6.39], [111.105, -6.5025], [111.1475, -6.3675], [111.1475, -6.345], [111.105, -6.48], [111.0625, -6.615], [111.1475, -6.3225], [111.105, -6.4575], [111.1475, -6.3], [111.105, -6.435], [111.105, -6.4125], [111.105, -6.39], [111.105, -6.3675], [111.105, -6.345], [111.105, -6.3225], [111.105, -6.3], [111.0625, -6.5925], [111.0625, -6.57], [111.0625, -6.5475], [111.0625, -6.525], [111.0625, -6.5025], [111.0625, -6.48], [111.0625, -6.4575], [111.0625, -6.435], [111.0625, -6.4125], [111.0625, -6.39], [111.0625, -6.3675], [111.0625, -6.345], [111.0625, -6.3225], [111.0625, -6.3], [111.02, -6.3], [111.02, -6.3225], [111.02, -6.345], [111.02, -6.3675], [111.02, -6.39], [111.02, -6.4125], [111.02, -6.435], [111.02, -6.4575], [111.02, -6.48], [110.9775, -6.345], [111.02, -6.5025], [110.9775, -6.3675], [110.9775, -6.39], [111.02, -6.525], [110.9775, -6.4125], [110.9775, -6.435], [111.02, -6.5475], [110.9775, -6.4575], [110.9775, -6.48], [111.02, -6.57], [110.9775, -6.5025], [110.935, -6.435], [110.935, -6.4575], [110.9775, -6.525], [110.935, -6.48], [111.02, -6.5925], [110.9775, -6.5475], [110.935, -6.5025], [110.935, -6.525], [110.9775, -6.57], [110.935, -6.5475], [110.8925, -6.525], [110.8925, -6.5475], [110.935, -6.57], [110.9775, -6.5925], [111.02, -6.615], [110.8925, -6.57], [110.935, -6.5925], [110.8925, -6.5925], [110.9775, -6.615], [110.935, -6.615], [110.8925, -6.615], [110.8925, -6.6375]]]}}, {"type": "Feature", "properties": {"KABKOT": "PEKALONGAN", "name": "Kabupaten Pekalongan", "GEO_KEY": "PEKALONGAN"}, "geometry": {"type": "Polygon", "coordinates": [[[109.4475, -7.1325], [109.49, -7.1325], [109.5325, -7.1325], [109.575, -7.1325], [109.4475, -7.155], [109.49, -7.155], [109.4475, -7.1775], [109.5325, -7.155], [109.6175, -7.1325], [109.49, -7.1775], [109.4475, -7.2], [109.575, -7.155], [109.5325, -7.1775], [109.49, -7.2], [109.49, -7.2225], [109.5325, -7.2], [109.575, -7.1775], [109.49, -7.245], [109.5325, -7.2225], [109.6175, -7.155], [109.575, -7.2], [109.5325, -7.245], [109.575, -7.2225], [109.6175, -7.1775], [109.575, -7.245], [109.6175, -7.2], [109.6175, -7.2225], [109.6175, -7.245], [109.66, -7.245], [109.66, -7.2225], [109.66, -7.2], [109.66, -7.1775], [109.66, -7.155], [109.66, -7.1325], [109.7025, -7.245], [109.7025, -7.2225], [109.7025, -7.2], [109.745, -7.245], [109.7025, -7.1775], [109.745, -7.2225], [109.745, -7.2], [109.7875, -7.2225], [109.7025, -7.155], [109.745, -7.1775], [109.7875, -7.2], [109.83, -7.2], [109.7875, -7.1775], [109.745, -7.155], [109.83, -7.1775], [109.7025, -7.1325], [109.7875, -7.155], [109.83, -7.155], [109.8725, -7.155], [109.745, -7.1325], [109.7875, -7.1325], [109.83, -7.1325], [109.8725, -7.1325], [109.915, -7.1325], [109.915, -7.11], [109.8725, -7.11], [109.83, -7.11], [109.7875, -7.11], [109.745, -7.11], [109.915, -7.0875], [109.8725, -7.0875], [109.83, -7.0875], [109.915, -7.065], [109.7025, -7.11], [109.7875, -7.0875], [109.8725, -7.065], [109.83, -7.065], [109.745, -7.0875], [109.7875, -7.065], [109.83, -7.0425], [109.7875, -7.0425], [109.745, -7.065], [109.7025, -7.0875], [109.7875, -7.02], [109.745, -7.0425], [109.745, -7.02], [109.7025, -7.065], [109.7025, -7.0425], [109.7025, -7.02], [109.7025, -6.9975], [109.66, -7.11], [109.66, -7.0875], [109.66, -7.065], [109.66, -7.0425], [109.66, -7.02], [109.66, -6.9975], [109.6175, -6.975], [109.6175, -6.9975], [109.6175, -7.02], [109.6175, -7.0425], [109.575, -6.975], [109.575, -6.9975], [109.6175, -7.065], [109.575, -7.02], [109.5325, -6.975], [109.5325, -6.9975], [109.575, -7.0425], [109.6175, -7.0875], [109.5325, -7.02], [109.575, -7.065], [109.5325, -7.0425], [109.49, -7.02], [109.49, -7.0425], [109.5325, -7.065], [109.575, -7.0875], [109.49, -7.065], [109.5325, -7.0875], [109.6175, -7.11], [109.49, -7.0875], [109.4475, -7.0875], [109.575, -7.11], [109.5325, -7.11], [109.49, -7.11], [109.4475, -7.11], [109.4475, -7.1325]]]}}, {"type": "Feature", "properties": {"KABKOT": "PEMALANG", "name": "Kabupaten Pemalang", "GEO_KEY": "PEMALANG"}, "geometry": {"type": "Polygon", "coordinates": [[[109.2775, -6.7725], [109.32, -6.7725], [109.2775, -6.795], [109.2775, -6.8175], [109.32, -6.795], [109.3625, -6.7725], [109.2775, -6.84], [109.32, -6.8175], [109.2775, -6.8625], [109.235, -6.9075], [109.235, -6.93], [109.2775, -6.885], [109.32, -6.84], [109.3625, -6.795], [109.235, -6.9525], [109.2775, -6.9075], [109.32, -6.8625], [109.2775, -6.93], [109.2775, -6.9525], [109.32, -6.885], [109.3625, -6.8175], [109.2775, -6.975], [109.32, -6.9075], [109.2775, -6.9975], [109.2775, -7.02], [109.32, -6.93], [109.3625, -6.84], [109.2775, -7.0425], [109.32, -6.9525], [109.2775, -7.065], [109.32, -6.975], [109.3625, -6.8625], [109.32, -6.9975], [109.32, -7.02], [109.3625, -6.885], [109.32, -7.0425], [109.32, -7.065], [109.3625, -6.9075], [109.32, -7.0875], [109.32, -7.11], [109.3625, -6.93], [109.32, -7.1325], [109.32, -7.155], [109.3625, -6.9525], [109.3625, -6.975], [109.3625, -6.9975], [109.3625, -7.02], [109.3625, -7.0425], [109.3625, -7.065], [109.3625, -7.0875], [109.3625, -7.11], [109.3625, -7.1325], [109.3625, -7.155], [109.405, -7.155], [109.405, -7.1325], [109.405, -7.11], [109.405, -7.0875], [109.405, -7.065], [109.405, -7.0425], [109.405, -7.02], [109.405, -6.9975], [109.405, -6.975], [109.405, -6.9525], [109.405, -6.93], [109.405, -6.9075], [109.405, -6.885], [109.405, -6.8625], [109.405, -6.84], [109.405, -6.8175], [109.405, -6.795], [109.4475, -7.155], [109.4475, -7.1325], [109.4475, -7.11], [109.4475, -7.0875], [109.4475, -7.065], [109.4475, -7.0425], [109.405, -6.7725], [109.4475, -7.02], [109.4475, -6.9975], [109.4475, -6.975], [109.4475, -6.9525], [109.4475, -6.93], [109.49, -7.0875], [109.49, -7.065], [109.4475, -6.9075], [109.49, -7.0425], [109.49, -7.02], [109.4475, -6.885], [109.49, -6.9975], [109.49, -6.975], [109.4475, -6.8625], [109.49, -6.9525], [109.5325, -7.02], [109.49, -6.93], [109.4475, -6.84], [109.5325, -6.9975], [109.49, -6.9075], [109.5325, -6.975], [109.5325, -6.9525], [109.49, -6.885], [109.4475, -6.8175], [109.5325, -6.93], [109.49, -6.8625], [109.5325, -6.9075], [109.5325, -6.885], [109.49, -6.84], [109.4475, -6.795], [109.5325, -6.8625], [109.49, -6.8175], [109.5325, -6.84], [109.5325, -6.8175], [109.49, -6.795], [109.4475, -6.7725], [109.5325, -6.795], [109.49, -6.7725], [109.5325, -6.7725], [109.5325, -6.75], [109.49, -6.75], [109.4475, -6.75], [109.5325, -6.7275], [109.49, -6.7275], [109.405, -6.75], [109.5325, -6.705], [109.4475, -6.7275], [109.49, -6.705], [109.5325, -6.6825], [109.5325, -6.66], [109.49, -6.6825], [109.4475, -6.705], [109.49, -6.66], [109.49, -6.6375], [109.4475, -6.6825], [109.49, -6.615], [109.49, -6.5925], [109.4475, -6.66], [109.49, -6.57], [109.49, -6.5475], [109.4475, -6.6375], [109.49, -6.525], [109.49, -6.5025], [109.4475, -6.615], [109.49, -6.48], [109.49, -6.4575], [109.4475, -6.5925], [109.49, -6.435], [109.49, -6.4125], [109.4475, -6.57], [109.49, -6.39], [109.49, -6.3675], [109.4475, -6.5475], [109.49, -6.345], [109.49, -6.3225], [109.4475, -6.525], [109.49, -6.3], [109.4475, -6.5025], [109.4475, -6.48], [109.4475, -6.4575], [109.405, -6.7275], [109.4475, -6.435], [109.4475, -6.4125], [109.4475, -6.39], [109.4475, -6.3675], [109.4475, -6.345], [109.4475, -6.3225], [109.4475, -6.3], [109.405, -6.705], [109.405, -6.6825], [109.405, -6.66], [109.405, -6.6375], [109.405, -6.615], [109.405, -6.5925], [109.405, -6.57], [109.405, -6.5475], [109.405, -6.525], [109.405, -6.5025], [109.405, -6.48], [109.405, -6.4575], [109.405, -6.435], [109.405, -6.4125], [109.405, -6.39], [109.405, -6.3675], [109.405, -6.345], [109.405, -6.3225], [109.405, -6.3], [109.3625, -6.3], [109.3625, -6.3225], [109.3625, -6.345], [109.3625, -6.3675], [109.3625, -6.39], [109.3625, -6.4125], [109.3625, -6.435], [109.3625, -6.4575], [109.3625, -6.48], [109.3625, -6.5025], [109.3625, -6.525], [109.3625, -6.5475], [109.3625, -6.57], [109.32, -6.39], [109.32, -6.4125], [109.3625, -6.5925], [109.32, -6.435], [109.32, -6.4575], [109.3625, -6.615], [109.32, -6.48], [109.32, -6.5025], [109.3625, -6.6375], [109.32, -6.525], [109.32, -6.5475], [109.3625, -6.66], [109.32, -6.57], [109.32, -6.5925], [109.3625, -6.6825], [109.32, -6.615], [109.32, -6.6375], [109.3625, -6.705], [109.32, -6.66], [109.2775, -6.6375], [109.32, -6.6825], [109.2775, -6.66], [109.3625, -6.7275], [109.32, -6.705], [109.2775, -6.6825], [109.2775, -6.705], [109.32, -6.7275], [109.2775, -6.7275], [109.3625, -6.75], [109.32, -6.75], [109.2775, -6.75], [109.2775, -6.7725]]]}}, {"type": "Feature", "properties": {"KABKOT": "PURBALINGGA", "name": "Kabupaten Purbalingga", "GEO_KEY": "PURBALINGGA"}, "geometry": {"type": "Polygon", "coordinates": [[[109.1075, -7.335], [109.15, -7.335], [109.1925, -7.335], [109.235, -7.335], [109.2775, -7.335], [109.32, -7.335], [109.15, -7.3575], [109.1925, -7.3575], [109.235, -7.3575], [109.1925, -7.38], [109.2775, -7.3575], [109.235, -7.38], [109.235, -7.4025], [109.2775, -7.38], [109.32, -7.3575], [109.2775, -7.4025], [109.2775, -7.425], [109.32, -7.38], [109.32, -7.4025], [109.32, -7.425], [109.32, -7.4475], [109.32, -7.47], [109.3625, -7.4925], [109.3625, -7.47], [109.3625, -7.4475], [109.3625, -7.425], [109.3625, -7.4025], [109.3625, -7.38], [109.3625, -7.3575], [109.405, -7.515], [109.405, -7.4925], [109.405, -7.47], [109.405, -7.4475], [109.4475, -7.5375], [109.4475, -7.515], [109.405, -7.425], [109.4475, -7.4925], [109.49, -7.5375], [109.4475, -7.47], [109.405, -7.4025], [109.49, -7.515], [109.4475, -7.4475], [109.49, -7.4925], [109.5325, -7.5375], [109.5325, -7.515], [109.49, -7.47], [109.4475, -7.425], [109.405, -7.38], [109.5325, -7.4925], [109.49, -7.4475], [109.5325, -7.47], [109.4475, -7.4025], [109.3625, -7.335], [109.49, -7.425], [109.5325, -7.4475], [109.405, -7.3575], [109.4475, -7.38], [109.49, -7.4025], [109.5325, -7.425], [109.5325, -7.4025], [109.49, -7.38], [109.4475, -7.3575], [109.5325, -7.38], [109.49, -7.3575], [109.5325, -7.3575], [109.405, -7.335], [109.4475, -7.335], [109.49, -7.335], [109.5325, -7.335], [109.5325, -7.3125], [109.49, -7.3125], [109.4475, -7.3125], [109.5325, -7.29], [109.49, -7.29], [109.5325, -7.2675], [109.405, -7.3125], [109.4475, -7.29], [109.49, -7.2675], [109.5325, -7.245], [109.49, -7.245], [109.4475, -7.2675], [109.49, -7.2225], [109.405, -7.29], [109.4475, -7.245], [109.49, -7.2], [109.4475, -7.2225], [109.405, -7.2675], [109.4475, -7.2], [109.4475, -7.1775], [109.405, -7.245], [109.4475, -7.155], [109.405, -7.2225], [109.405, -7.2], [109.405, -7.1775], [109.405, -7.155], [109.3625, -7.3125], [109.3625, -7.29], [109.3625, -7.2675], [109.3625, -7.245], [109.3625, -7.2225], [109.3625, -7.2], [109.3625, -7.1775], [109.3625, -7.155], [109.32, -7.155], [109.32, -7.1775], [109.32, -7.2], [109.32, -7.2225], [109.32, -7.245], [109.2775, -7.1775], [109.32, -7.2675], [109.2775, -7.2], [109.2775, -7.2225], [109.32, -7.29], [109.2775, -7.245], [109.235, -7.2], [109.235, -7.2225], [109.2775, -7.2675], [109.235, -7.245], [109.1925, -7.2225], [109.1925, -7.245], [109.235, -7.2675], [109.2775, -7.29], [109.32, -7.3125], [109.15, -7.245], [109.1925, -7.2675], [109.235, -7.29], [109.15, -7.2675], [109.1075, -7.2675], [109.1925, -7.29], [109.2775, -7.3125], [109.15, -7.29], [109.1075, -7.29], [109.235, -7.3125], [109.065, -7.29], [109.1925, -7.3125], [109.15, -7.3125], [109.1075, -7.3125], [109.065, -7.3125], [109.1075, -7.335]]]}}, {"type": "Feature", "properties": {"KABKOT": "PURWOREJO", "name": "Kabupaten Purworejo", "GEO_KEY": "PURWOREJO"}, "geometry": {"type": "Polygon", "coordinates": [[[109.83, -7.875], [109.8725, -7.875], [109.915, -7.875], [109.83, -7.8975], [109.8725, -7.8975], [109.9575, -7.875], [109.83, -7.92], [109.915, -7.8975], [109.8725, -7.92], [109.83, -7.9425], [109.83, -7.965], [109.8725, -7.9425], [109.915, -7.92], [109.9575, -7.8975], [110.0, -7.875], [109.7875, -8.01], [109.83, -7.9875], [109.8725, -7.965], [109.7875, -8.0325], [109.915, -7.9425], [109.83, -8.01], [109.7875, -8.055], [109.8725, -7.9875], [109.9575, -7.92], [109.83, -8.0325], [109.7875, -8.0775], [109.915, -7.965], [109.8725, -8.01], [109.83, -8.055], [109.7875, -8.1], [109.83, -8.0775], [109.8725, -8.0325], [109.915, -7.9875], [109.9575, -7.9425], [109.83, -8.1], [109.8725, -8.055], [110.0, -7.8975], [109.915, -8.01], [109.8725, -8.0775], [109.9575, -7.965], [109.915, -8.0325], [109.8725, -8.1], [109.915, -8.055], [109.9575, -7.9875], [109.915, -8.0775], [110.0, -7.92], [109.9575, -8.01], [109.915, -8.1], [109.9575, -8.0325], [110.0, -7.9425], [109.9575, -8.055], [109.9575, -8.0775], [109.9575, -8.1], [110.0, -7.965], [110.0, -7.9875], [110.0, -8.01], [110.0, -8.0325], [110.0, -8.055], [110.0, -8.0775], [110.0, -8.1], [110.0425, -8.1], [110.0425, -8.0775], [110.0425, -8.055], [110.0425, -8.0325], [110.0425, -8.01], [110.0425, -7.9875], [110.0425, -7.965], [110.0425, -7.9425], [110.0425, -7.92], [110.0425, -7.8975], [110.085, -8.1], [110.085, -8.0775], [110.085, -8.055], [110.085, -8.0325], [110.085, -8.01], [110.0425, -7.875], [110.085, -7.9875], [110.1275, -8.1], [110.1275, -8.0775], [110.085, -7.965], [110.1275, -8.055], [110.1275, -8.0325], [110.17, -8.1], [110.085, -7.9425], [110.1275, -8.01], [110.17, -8.0775], [110.17, -8.055], [110.1275, -7.9875], [110.2125, -8.1], [110.085, -7.92], [110.17, -8.0325], [110.2125, -8.0775], [110.1275, -7.965], [110.17, -8.01], [110.2125, -8.055], [110.255, -8.1], [110.255, -8.0775], [110.2125, -8.0325], [110.17, -7.9875], [110.1275, -7.9425], [110.2975, -8.1], [110.255, -8.055], [110.085, -7.8975], [110.2125, -8.01], [110.2975, -8.0775], [110.17, -7.965], [110.255, -8.0325], [110.2975, -8.055], [110.2125, -7.9875], [110.1275, -7.92], [110.255, -8.01], [110.2975, -8.0325], [110.17, -7.9425], [110.2125, -7.965], [110.255, -7.9875], [110.2975, -8.01], [110.2975, -7.9875], [110.255, -7.965], [110.2125, -7.9425], [110.17, -7.92], [110.1275, -7.8975], [110.085, -7.875], [110.2975, -7.965], [110.255, -7.9425], [110.2125, -7.92], [110.2975, -7.9425], [110.17, -7.8975], [110.255, -7.92], [110.2975, -7.92], [110.2125, -7.8975], [110.1275, -7.875], [110.255, -7.8975], [110.2975, -7.8975], [110.17, -7.875], [110.2125, -7.875], [110.255, -7.875], [110.2975, -7.875], [110.2975, -7.8525], [110.255, -7.8525], [110.2125, -7.8525], [110.17, -7.8525], [110.1275, -7.8525], [110.085, -7.8525], [110.0425, -7.8525], [110.2975, -7.83], [110.255, -7.83], [110.2125, -7.83], [110.17, -7.83], [110.255, -7.8075], [110.1275, -7.83], [110.2125, -7.8075], [110.255, -7.785], [110.17, -7.8075], [110.2125, -7.785], [110.255, -7.7625], [110.085, -7.83], [110.1275, -7.8075], [110.17, -7.785], [110.2125, -7.7625], [110.2125, -7.74], [110.17, -7.7625], [110.1275, -7.785], [110.2125, -7.7175], [110.17, -7.74], [110.085, -7.8075], [110.1275, -7.7625], [110.17, -7.7175], [110.17, -7.695], [110.1275, -7.74], [110.17, -7.6725], [110.085, -7.785], [110.1275, -7.7175], [110.1275, -7.695], [110.085, -7.7625], [110.1275, -7.6725], [110.1275, -7.65], [110.085, -7.74], [110.1275, -7.6275], [110.085, -7.7175], [110.0425, -7.83], [110.085, -7.695], [110.085, -7.6725], [110.085, -7.65], [110.085, -7.6275], [110.085, -7.605], [110.085, -7.5825], [110.085, -7.56], [110.0425, -7.8075], [110.0425, -7.785], [110.0425, -7.7625], [110.0425, -7.74], [110.0425, -7.7175], [110.0425, -7.695], [110.0425, -7.6725], [110.0425, -7.65], [110.0425, -7.6275], [110.0425, -7.605], [110.0425, -7.5825], [110.0425, -7.56], [110.0425, -7.5375], [110.0425, -7.515], [110.0, -7.515], [110.0, -7.5375], [110.0, -7.56], [110.0, -7.5825], [110.0, -7.605], [110.0, -7.6275], [110.0, -7.65], [110.0, -7.6725], [110.0, -7.695], [109.9575, -7.5375], [110.0, -7.7175], [109.9575, -7.56], [109.9575, -7.5825], [110.0, -7.74], [109.9575, -7.605], [109.9575, -7.6275], [109.915, -7.5375], [109.9575, -7.65], [110.0, -7.7625], [109.915, -7.56], [109.9575, -7.6725], [109.915, -7.5825], [109.915, -7.605], [109.9575, -7.695], [110.0, -7.785], [109.915, -7.6275], [109.8725, -7.56], [109.9575, -7.7175], [109.915, -7.65], [109.8725, -7.5825], [109.8725, -7.605], [109.915, -7.6725], [109.9575, -7.74], [109.8725, -7.6275], [109.83, -7.5825], [109.915, -7.695], [110.0, -7.8075], [109.8725, -7.65], [109.83, -7.605], [109.9575, -7.7625], [109.915, -7.7175], [109.8725, -7.6725], [109.83, -7.6275], [109.83, -7.65], [109.8725, -7.695], [109.915, -7.74], [109.83, -7.6725], [109.9575, -7.785], [109.8725, -7.7175], [109.83, -7.695], [109.915, -7.7625], [109.8725, -7.74], [109.83, -7.7175], [110.0, -7.83], [109.9575, -7.8075], [109.915, -7.785], [109.8725, -7.7625], [109.83, -7.74], [109.83, -7.7625], [109.8725, -7.785], [109.915, -7.8075], [109.83, -7.785], [109.9575, -7.83], [109.8725, -7.8075], [109.83, -7.8075], [109.915, -7.83], [109.8725, -7.83], [109.83, -7.83], [110.0, -7.8525], [109.9575, -7.8525], [109.915, -7.8525], [109.8725, -7.8525], [109.83, -7.8525], [109.83, -7.875]]]}}, {"type": "Feature", "properties": {"KABKOT": "REMBANG", "name": "Kabupaten Rembang", "GEO_KEY": "REMBANG"}, "geometry": {"type": "Polygon", "coordinates": [[[111.1475, -6.57], [111.19, -6.57], [111.2325, -6.57], [111.275, -6.57], [111.3175, -6.57], [111.19, -6.5925], [111.2325, -6.5925], [111.36, -6.57], [111.275, -6.5925], [111.19, -6.615], [111.2325, -6.615], [111.3175, -6.5925], [111.19, -6.6375], [111.275, -6.615], [111.2325, -6.6375], [111.19, -6.66], [111.19, -6.6825], [111.2325, -6.66], [111.275, -6.6375], [111.3175, -6.615], [111.36, -6.5925], [111.19, -6.705], [111.2325, -6.6825], [111.4025, -6.57], [111.275, -6.66], [111.19, -6.7275], [111.3175, -6.6375], [111.2325, -6.705], [111.19, -6.75], [111.275, -6.6825], [111.2325, -6.7275], [111.19, -6.7725], [111.36, -6.615], [111.3175, -6.66], [111.275, -6.705], [111.2325, -6.75], [111.19, -6.795], [111.19, -6.8175], [111.2325, -6.7725], [111.275, -6.7275], [111.3175, -6.6825], [111.19, -6.84], [111.2325, -6.795], [111.36, -6.6375], [111.275, -6.75], [111.19, -6.8625], [111.2325, -6.8175], [111.19, -6.885], [111.3175, -6.705], [111.275, -6.7725], [111.2325, -6.84], [111.2325, -6.8625], [111.275, -6.795], [111.3175, -6.7275], [111.36, -6.66], [111.2325, -6.885], [111.275, -6.8175], [111.3175, -6.75], [111.4025, -6.5925], [111.275, -6.84], [111.36, -6.6825], [111.3175, -6.7725], [111.275, -6.8625], [111.3175, -6.795], [111.36, -6.705], [111.3175, -6.8175], [111.3175, -6.84], [111.36, -6.7275], [111.3175, -6.8625], [111.4025, -6.615], [111.36, -6.75], [111.36, -6.7725], [111.36, -6.795], [111.36, -6.8175], [111.4025, -6.6375], [111.36, -6.84], [111.4025, -6.66], [111.4025, -6.6825], [111.4025, -6.705], [111.4025, -6.7275], [111.4025, -6.75], [111.4025, -6.7725], [111.4025, -6.795], [111.4025, -6.8175], [111.4025, -6.84], [111.445, -6.8175], [111.445, -6.795], [111.445, -6.7725], [111.445, -6.75], [111.445, -6.7275], [111.445, -6.705], [111.445, -6.6825], [111.445, -6.66], [111.4875, -6.8175], [111.4875, -6.795], [111.445, -6.6375], [111.4875, -6.7725], [111.4875, -6.75], [111.4875, -6.7275], [111.445, -6.615], [111.4875, -6.705], [111.53, -6.795], [111.53, -6.7725], [111.4875, -6.6825], [111.53, -6.75], [111.5725, -6.795], [111.53, -6.7275], [111.4875, -6.66], [111.445, -6.5925], [111.5725, -6.7725], [111.53, -6.705], [111.5725, -6.75], [111.4875, -6.6375], [111.53, -6.6825], [111.5725, -6.7275], [111.615, -6.7725], [111.615, -6.75], [111.5725, -6.705], [111.53, -6.66], [111.615, -6.7275], [111.4875, -6.615], [111.5725, -6.6825], [111.6575, -6.75], [111.615, -6.705], [111.53, -6.6375], [111.6575, -6.7275], [111.7, -6.75], [111.5725, -6.66], [111.615, -6.6825], [111.6575, -6.705], [111.7, -6.7275], [111.7, -6.705], [111.6575, -6.6825], [111.615, -6.66], [111.5725, -6.6375], [111.53, -6.615], [111.4875, -6.5925], [111.445, -6.57], [111.7, -6.6825], [111.6575, -6.66], [111.615, -6.6375], [111.5725, -6.615], [111.7, -6.66], [111.6575, -6.6375], [111.53, -6.5925], [111.615, -6.615], [111.7, -6.6375], [111.6575, -6.615], [111.5725, -6.5925], [111.7, -6.615], [111.4875, -6.57], [111.615, -6.5925], [111.6575, -6.5925], [111.7, -6.5925], [111.53, -6.57], [111.5725, -6.57], [111.615, -6.57], [111.6575, -6.57], [111.7, -6.57], [111.7, -6.5475], [111.6575, -6.5475], [111.615, -6.5475], [111.5725, -6.5475], [111.53, -6.5475], [111.7, -6.525], [111.6575, -6.525], [111.4875, -6.5475], [111.615, -6.525], [111.7, -6.5025], [111.5725, -6.525], [111.6575, -6.5025], [111.7, -6.48], [111.615, -6.5025], [111.53, -6.525], [111.6575, -6.48], [111.7, -6.4575], [111.5725, -6.5025], [111.615, -6.48], [111.445, -6.5475], [111.6575, -6.4575], [111.7, -6.435], [111.4875, -6.525], [111.53, -6.5025], [111.5725, -6.48], [111.615, -6.4575], [111.6575, -6.435], [111.7, -6.4125], [111.7, -6.39], [111.6575, -6.4125], [111.615, -6.435], [111.5725, -6.4575], [111.7, -6.3675], [111.6575, -6.39], [111.53, -6.48], [111.615, -6.4125], [111.7, -6.345], [111.6575, -6.3675], [111.5725, -6.435], [111.4875, -6.5025], [111.7, -6.3225], [111.615, -6.39], [111.6575, -6.345], [111.53, -6.4575], [111.7, -6.3], [111.5725, -6.4125], [111.615, -6.3675], [111.6575, -6.3225], [111.6575, -6.3], [111.615, -6.345], [111.5725, -6.39], [111.53, -6.435], [111.4875, -6.48], [111.615, -6.3225], [111.5725, -6.3675], [111.615, -6.3], [111.53, -6.4125], [111.445, -6.525], [111.5725, -6.345], [111.4875, -6.4575], [111.53, -6.39], [111.5725, -6.3225], [111.5725, -6.3], [111.53, -6.3675], [111.4875, -6.435], [111.53, -6.345], [111.53, -6.3225], [111.4875, -6.4125], [111.445, -6.5025], [111.53, -6.3], [111.4875, -6.39], [111.4875, -6.3675], [111.4875, -6.345], [111.445, -6.48], [111.4875, -6.3225], [111.4875, -6.3], [111.445, -6.4575], [111.445, -6.435], [111.445, -6.4125], [111.445, -6.39], [111.445, -6.3675], [111.445, -6.345], [111.445, -6.3225], [111.445, -6.3], [111.4025, -6.3], [111.4025, -6.3225], [111.4025, -6.345], [111.4025, -6.3675], [111.4025, -6.39], [111.4025, -6.4125], [111.4025, -6.435], [111.4025, -6.4575], [111.4025, -6.48], [111.36, -6.3], [111.36, -6.3225], [111.36, -6.345], [111.36, -6.3675], [111.4025, -6.5025], [111.36, -6.39], [111.3175, -6.3], [111.36, -6.4125], [111.3175, -6.3225], [111.3175, -6.345], [111.36, -6.435], [111.3175, -6.3675], [111.4025, -6.525], [111.275, -6.3], [111.36, -6.4575], [111.3175, -6.39], [111.275, -6.3225], [111.275, -6.345], [111.3175, -6.4125], [111.2325, -6.3], [111.275, -6.3675], [111.36, -6.48], [111.2325, -6.3225], [111.3175, -6.435], [111.275, -6.39], [111.2325, -6.345], [111.19, -6.3], [111.19, -6.3225], [111.2325, -6.3675], [111.275, -6.4125], [111.3175, -6.4575], [111.1475, -6.3], [111.19, -6.345], [111.36, -6.5025], [111.2325, -6.39], [111.1475, -6.3225], [111.275, -6.435], [111.19, -6.3675], [111.1475, -6.345], [111.2325, -6.4125], [111.3175, -6.48], [111.19, -6.39], [111.1475, -6.3675], [111.275, -6.4575], [111.2325, -6.435], [111.19, -6.4125], [111.1475, -6.39], [111.4025, -6.5475], [111.36, -6.525], [111.3175, -6.5025], [111.275, -6.48], [111.2325, -6.4575], [111.19, -6.435], [111.1475, -6.4125], [111.1475, -6.435], [111.19, -6.4575], [111.2325, -6.48], [111.275, -6.5025], [111.1475, -6.4575], [111.19, -6.48], [111.3175, -6.525], [111.2325, -6.5025], [111.1475, -6.48], [111.19, -6.5025], [111.275, -6.525], [111.1475, -6.5025], [111.2325, -6.525], [111.36, -6.5475], [111.19, -6.525], [111.1475, -6.525], [111.3175, -6.5475], [111.275, -6.5475], [111.2325, -6.5475], [111.19, -6.5475], [111.1475, -6.5475], [111.1475, -6.57]]]}}, {"type": "Feature", "properties": {"KABKOT": "SEMARANG", "name": "Kabupaten Semarang", "GEO_KEY": "SEMARANG"}, "geometry": {"type": "Polygon", "coordinates": [[[110.2975, -7.2225], [110.34, -7.2225], [110.2975, -7.245], [110.3825, -7.2225], [110.34, -7.245], [110.2975, -7.2675], [110.2975, -7.29], [110.34, -7.2675], [110.2975, -7.3125], [110.3825, -7.245], [110.34, -7.29], [110.2975, -7.335], [110.34, -7.3125], [110.3825, -7.2675], [110.34, -7.335], [110.34, -7.3575], [110.3825, -7.29], [110.3825, -7.3125], [110.3825, -7.335], [110.3825, -7.3575], [110.425, -7.2225], [110.425, -7.245], [110.425, -7.2675], [110.425, -7.29], [110.425, -7.3125], [110.425, -7.335], [110.4675, -7.29], [110.4675, -7.2675], [110.4675, -7.245], [110.51, -7.2675], [110.51, -7.245], [110.4675, -7.2225], [110.51, -7.2225], [110.5525, -7.2225], [110.595, -7.2], [110.5525, -7.2], [110.51, -7.2], [110.4675, -7.2], [110.595, -7.1775], [110.5525, -7.1775], [110.6375, -7.155], [110.595, -7.155], [110.51, -7.1775], [110.6375, -7.1325], [110.5525, -7.155], [110.595, -7.1325], [110.6375, -7.11], [110.595, -7.11], [110.5525, -7.1325], [110.51, -7.155], [110.4675, -7.1775], [110.5525, -7.11], [110.51, -7.1325], [110.51, -7.11], [110.4675, -7.155], [110.4675, -7.1325], [110.4675, -7.11], [110.425, -7.11], [110.425, -7.1325], [110.425, -7.155], [110.425, -7.1775], [110.425, -7.2], [110.3825, -7.11], [110.3825, -7.1325], [110.3825, -7.155], [110.34, -7.11], [110.34, -7.1325], [110.2975, -7.11], [110.3825, -7.1775], [110.34, -7.155], [110.2975, -7.1325], [110.2975, -7.155], [110.34, -7.1775], [110.2975, -7.1775], [110.255, -7.1775], [110.3825, -7.2], [110.34, -7.2], [110.2975, -7.2], [110.255, -7.2], [110.2975, -7.2225]]]}}, {"type": "Feature", "properties": {"KABKOT": "SRAGEN", "name": "Kabupaten Sragen", "GEO_KEY": "SRAGEN"}, "geometry": {"type": "Polygon", "coordinates": [[[110.8075, -7.38], [110.85, -7.38], [110.8925, -7.38], [110.935, -7.38], [110.9775, -7.38], [110.85, -7.4025], [110.8925, -7.4025], [111.02, -7.38], [110.935, -7.4025], [110.85, -7.425], [110.8925, -7.425], [110.9775, -7.4025], [111.0625, -7.38], [110.935, -7.425], [110.8925, -7.4475], [111.02, -7.4025], [110.9775, -7.425], [110.935, -7.4475], [110.8925, -7.47], [110.8925, -7.4925], [110.935, -7.47], [110.9775, -7.4475], [111.02, -7.425], [110.935, -7.4925], [111.0625, -7.4025], [110.9775, -7.47], [110.935, -7.515], [111.02, -7.4475], [110.9775, -7.4925], [110.9775, -7.515], [111.02, -7.47], [111.0625, -7.425], [111.105, -7.38], [111.02, -7.4925], [111.0625, -7.4475], [111.02, -7.515], [111.0625, -7.47], [111.0625, -7.4925], [111.0625, -7.515], [111.105, -7.4025], [111.105, -7.425], [111.105, -7.4475], [111.105, -7.47], [111.105, -7.4925], [111.105, -7.515], [111.1475, -7.515], [111.1475, -7.4925], [111.1475, -7.47], [111.1475, -7.4475], [111.1475, -7.425], [111.19, -7.4925], [111.19, -7.47], [111.1475, -7.4025], [111.19, -7.4475], [111.2325, -7.4925], [111.2325, -7.47], [111.19, -7.425], [111.275, -7.4925], [111.2325, -7.4475], [111.275, -7.47], [111.1475, -7.38], [111.3175, -7.4925], [111.19, -7.4025], [111.2325, -7.425], [111.275, -7.4475], [111.3175, -7.47], [111.36, -7.4925], [111.4025, -7.4925], [111.36, -7.47], [111.3175, -7.4475], [111.275, -7.425], [111.445, -7.4925], [111.4025, -7.47], [111.2325, -7.4025], [111.36, -7.4475], [111.445, -7.47], [111.3175, -7.425], [111.4025, -7.4475], [111.4875, -7.47], [111.19, -7.38], [111.275, -7.4025], [111.36, -7.425], [111.445, -7.4475], [111.53, -7.47], [111.4875, -7.4475], [111.4025, -7.425], [111.53, -7.4475], [111.3175, -7.4025], [111.445, -7.425], [111.4875, -7.425], [111.36, -7.4025], [111.2325, -7.38], [111.4025, -7.4025], [111.445, -7.4025], [111.275, -7.38], [111.4875, -7.4025], [111.3175, -7.38], [111.36, -7.38], [111.4025, -7.38], [111.445, -7.38], [111.4025, -7.3575], [111.36, -7.3575], [111.3175, -7.3575], [111.275, -7.3575], [111.2325, -7.3575], [111.19, -7.3575], [111.4025, -7.335], [111.36, -7.335], [111.1475, -7.3575], [111.3175, -7.335], [111.275, -7.335], [111.36, -7.3125], [111.2325, -7.335], [111.3175, -7.3125], [111.36, -7.29], [111.275, -7.3125], [111.3175, -7.29], [111.19, -7.335], [111.2325, -7.3125], [111.275, -7.29], [111.3175, -7.2675], [111.275, -7.2675], [111.2325, -7.29], [111.19, -7.3125], [111.275, -7.245], [111.2325, -7.2675], [111.275, -7.2225], [111.1475, -7.335], [111.19, -7.29], [111.2325, -7.245], [111.2325, -7.2225], [111.19, -7.2675], [111.2325, -7.2], [111.19, -7.245], [111.1475, -7.3125], [111.19, -7.2225], [111.19, -7.2], [111.1475, -7.29], [111.19, -7.1775], [111.1475, -7.2675], [111.1475, -7.245], [111.1475, -7.2225], [111.1475, -7.2], [111.1475, -7.1775], [111.105, -7.1775], [111.105, -7.2], [111.105, -7.2225], [111.105, -7.245], [111.105, -7.2675], [111.105, -7.29], [111.105, -7.3125], [111.0625, -7.2], [111.0625, -7.2225], [111.0625, -7.245], [111.105, -7.335], [111.0625, -7.2675], [111.02, -7.2], [111.02, -7.2225], [111.0625, -7.29], [111.02, -7.245], [110.9775, -7.2225], [111.02, -7.2675], [111.0625, -7.3125], [110.9775, -7.245], [110.935, -7.2225], [111.02, -7.29], [110.9775, -7.2675], [110.935, -7.245], [110.8925, -7.2225], [110.8925, -7.245], [110.935, -7.2675], [110.9775, -7.29], [111.02, -7.3125], [111.0625, -7.335], [110.85, -7.245], [110.8925, -7.2675], [110.935, -7.29], [110.8075, -7.245], [110.85, -7.2675], [110.9775, -7.3125], [110.8925, -7.29], [110.8075, -7.2675], [110.765, -7.2675], [110.85, -7.29], [110.935, -7.3125], [111.02, -7.335], [111.105, -7.3575], [110.8075, -7.29], [110.8925, -7.3125], [110.765, -7.29], [110.9775, -7.335], [110.85, -7.3125], [110.8075, -7.3125], [110.935, -7.335], [110.765, -7.3125], [110.8925, -7.335], [110.85, -7.335], [110.8075, -7.335], [110.765, -7.335], [111.0625, -7.3575], [111.02, -7.3575], [110.9775, -7.3575], [110.935, -7.3575], [110.8925, -7.3575], [110.85, -7.3575], [110.8075, -7.3575], [110.8075, -7.38]]]}}, {"type": "Feature", "properties": {"KABKOT": "SUKOHARJO", "name": "Kabupaten Sukoharjo", "GEO_KEY": "SUKOHARJO"}, "geometry": {"type": "Polygon", "coordinates": [[[110.7225, -7.7175], [110.765, -7.7175], [110.7225, -7.74], [110.7225, -7.7625], [110.765, -7.74], [110.7225, -7.785], [110.8075, -7.7175], [110.765, -7.7625], [110.7225, -7.8075], [110.7225, -7.83], [110.765, -7.785], [110.765, -7.8075], [110.765, -7.83], [110.8075, -7.74], [110.8075, -7.7625], [110.8075, -7.785], [110.8075, -7.8075], [110.85, -7.785], [110.85, -7.7625], [110.85, -7.74], [110.8925, -7.7625], [110.8925, -7.74], [110.85, -7.7175], [110.8925, -7.7175], [110.935, -7.7175], [110.935, -7.695], [110.8925, -7.695], [110.935, -7.6725], [110.85, -7.695], [110.8925, -7.6725], [110.935, -7.65], [110.935, -7.6275], [110.8925, -7.65], [110.8925, -7.6275], [110.85, -7.6725], [110.85, -7.65], [110.85, -7.6275], [110.8075, -7.6275], [110.8075, -7.65], [110.8075, -7.6725], [110.8075, -7.695], [110.765, -7.6275], [110.765, -7.65], [110.7225, -7.6275], [110.765, -7.6725], [110.7225, -7.65], [110.7225, -7.6725], [110.765, -7.695], [110.7225, -7.695], [110.7225, -7.7175]]]}}, {"type": "Feature", "properties": {"KABKOT": "TEGAL", "name": "Kabupaten Tegal", "GEO_KEY": "TEGAL"}, "geometry": {"type": "Polygon", "coordinates": [[[108.9375, -7.1325], [108.98, -7.1325], [109.0225, -7.1325], [109.065, -7.1325], [108.895, -7.155], [108.9375, -7.155], [108.98, -7.155], [108.895, -7.1775], [108.9375, -7.1775], [108.895, -7.2], [109.0225, -7.155], [108.8525, -7.2225], [108.98, -7.1775], [108.9375, -7.2], [108.895, -7.2225], [108.8525, -7.245], [108.8525, -7.2675], [108.895, -7.245], [108.9375, -7.2225], [108.98, -7.2], [108.8525, -7.29], [108.895, -7.2675], [109.0225, -7.1775], [108.9375, -7.245], [108.8525, -7.3125], [108.895, -7.29], [108.98, -7.2225], [108.8525, -7.335], [108.9375, -7.2675], [108.895, -7.3125], [108.895, -7.335], [108.9375, -7.29], [108.98, -7.245], [109.0225, -7.2], [109.065, -7.155], [108.9375, -7.3125], [108.98, -7.2675], [108.9375, -7.335], [109.0225, -7.2225], [108.98, -7.29], [108.98, -7.3125], [109.0225, -7.245], [108.98, -7.335], [109.065, -7.1775], [109.0225, -7.2675], [109.0225, -7.29], [109.0225, -7.3125], [109.065, -7.2], [109.065, -7.2225], [109.065, -7.245], [109.065, -7.2675], [109.065, -7.29], [109.065, -7.3125], [109.1075, -7.29], [109.1075, -7.2675], [109.1075, -7.245], [109.1075, -7.2225], [109.1075, -7.2], [109.1075, -7.1775], [109.15, -7.2675], [109.15, -7.245], [109.15, -7.2225], [109.1075, -7.155], [109.15, -7.2], [109.1925, -7.245], [109.1925, -7.2225], [109.15, -7.1775], [109.1925, -7.2], [109.235, -7.2225], [109.235, -7.2], [109.1925, -7.1775], [109.15, -7.155], [109.2775, -7.2], [109.235, -7.1775], [109.2775, -7.1775], [109.1925, -7.155], [109.32, -7.1775], [109.235, -7.155], [109.2775, -7.155], [109.1075, -7.1325], [109.32, -7.155], [109.15, -7.1325], [109.1925, -7.1325], [109.235, -7.1325], [109.2775, -7.1325], [109.32, -7.1325], [109.32, -7.11], [109.2775, -7.11], [109.235, -7.11], [109.32, -7.0875], [109.1925, -7.11], [109.2775, -7.0875], [109.32, -7.065], [109.235, -7.0875], [109.15, -7.11], [109.2775, -7.065], [109.1925, -7.0875], [109.235, -7.065], [109.2775, -7.0425], [109.2775, -7.02], [109.235, -7.0425], [109.1925, -7.065], [109.15, -7.0875], [109.2775, -6.9975], [109.235, -7.02], [109.2775, -6.975], [109.1925, -7.0425], [109.235, -6.9975], [109.2775, -6.9525], [109.1075, -7.11], [109.15, -7.065], [109.1925, -7.02], [109.235, -6.975], [109.235, -6.9525], [109.1925, -6.9975], [109.235, -6.93], [109.15, -7.0425], [109.1925, -6.975], [109.1925, -6.9525], [109.15, -7.02], [109.1925, -6.93], [109.15, -6.9975], [109.1075, -7.0875], [109.15, -6.975], [109.15, -6.9525], [109.15, -6.93], [109.1075, -7.065], [109.1075, -7.0425], [109.1075, -7.02], [109.1075, -6.9975], [109.1075, -6.975], [109.1075, -6.9525], [109.1075, -6.93], [109.065, -6.93], [109.065, -6.9525], [109.065, -6.975], [109.065, -6.9975], [109.065, -7.02], [109.065, -7.0425], [109.0225, -6.93], [109.065, -7.065], [109.0225, -6.9525], [109.0225, -6.975], [109.0225, -6.9975], [109.065, -7.0875], [109.0225, -7.02], [108.98, -6.975], [109.0225, -7.0425], [108.98, -6.9975], [108.98, -7.02], [109.0225, -7.065], [109.065, -7.11], [108.98, -7.0425], [109.0225, -7.0875], [108.98, -7.065], [108.9375, -7.065], [108.98, -7.0875], [109.0225, -7.11], [108.9375, -7.0875], [108.98, -7.11], [108.9375, -7.11], [108.9375, -7.1325]]]}}, {"type": "Feature", "properties": {"KABKOT": "TEMANGGUNG", "name": "Kabupaten Temanggung", "GEO_KEY": "TEMANGGUNG"}, "geometry": {"type": "Polygon", "coordinates": [[[110.0425, -7.29], [110.085, -7.29], [110.1275, -7.29], [110.0425, -7.3125], [110.085, -7.3125], [110.0425, -7.335], [110.0425, -7.3575], [110.085, -7.335], [110.0425, -7.38], [110.0425, -7.4025], [110.085, -7.3575], [110.1275, -7.3125], [110.0425, -7.425], [110.085, -7.38], [110.0425, -7.4475], [110.085, -7.4025], [110.1275, -7.335], [110.085, -7.425], [110.085, -7.4475], [110.1275, -7.3575], [110.1275, -7.38], [110.1275, -7.4025], [110.1275, -7.425], [110.17, -7.4025], [110.17, -7.38], [110.17, -7.3575], [110.17, -7.335], [110.2125, -7.4025], [110.2125, -7.38], [110.17, -7.3125], [110.2125, -7.3575], [110.255, -7.38], [110.2125, -7.335], [110.255, -7.3575], [110.2975, -7.38], [110.2975, -7.3575], [110.255, -7.335], [110.2125, -7.3125], [110.34, -7.3575], [110.2975, -7.335], [110.34, -7.335], [110.255, -7.3125], [110.2975, -7.3125], [110.17, -7.29], [110.2125, -7.29], [110.255, -7.29], [110.2975, -7.29], [110.2975, -7.2675], [110.255, -7.2675], [110.2975, -7.245], [110.2125, -7.2675], [110.255, -7.245], [110.2975, -7.2225], [110.2975, -7.2], [110.255, -7.2225], [110.2125, -7.245], [110.255, -7.2], [110.17, -7.2675], [110.2125, -7.2225], [110.255, -7.1775], [110.2125, -7.2], [110.2125, -7.1775], [110.17, -7.245], [110.17, -7.2225], [110.17, -7.2], [110.17, -7.1775], [110.17, -7.155], [110.1275, -7.155], [110.1275, -7.1775], [110.1275, -7.2], [110.1275, -7.2225], [110.085, -7.155], [110.1275, -7.245], [110.085, -7.1775], [110.085, -7.2], [110.0425, -7.155], [110.0425, -7.1775], [110.085, -7.2225], [110.0, -7.155], [110.1275, -7.2675], [110.0425, -7.2], [110.0, -7.1775], [110.085, -7.245], [110.0425, -7.2225], [110.0, -7.2], [110.0, -7.2225], [110.0425, -7.245], [110.085, -7.2675], [110.0, -7.245], [110.0425, -7.2675], [110.0, -7.2675], [110.0425, -7.29]]]}}, {"type": "Feature", "properties": {"KABKOT": "WONOGIRI", "name": "Kabupaten Wonogiri", "GEO_KEY": "WONOGIRI"}, "geometry": {"type": "Polygon", "coordinates": [[[110.68, -7.965], [110.7225, -7.965], [110.765, -7.965], [110.8075, -7.965], [110.85, -7.965], [110.8925, -7.965], [110.935, -7.965], [110.68, -7.9875], [110.7225, -7.9875], [110.9775, -7.965], [110.765, -7.9875], [110.8075, -7.9875], [110.68, -8.01], [110.85, -7.9875], [111.02, -7.965], [110.7225, -8.01], [110.8925, -7.9875], [110.765, -8.01], [110.68, -8.0325], [110.8075, -8.01], [110.7225, -8.0325], [110.935, -7.9875], [110.6375, -8.055], [110.85, -8.01], [110.765, -8.0325], [110.68, -8.055], [110.6375, -8.0775], [110.7225, -8.055], [110.8075, -8.0325], [110.8925, -8.01], [110.68, -8.0775], [110.9775, -7.9875], [110.765, -8.055], [110.6375, -8.1], [110.85, -8.0325], [110.7225, -8.0775], [110.68, -8.1], [110.8075, -8.055], [110.935, -8.01], [110.765, -8.0775], [110.7225, -8.1], [110.8925, -8.0325], [110.85, -8.055], [110.8075, -8.0775], [110.765, -8.1], [111.0625, -7.965], [111.02, -7.9875], [110.9775, -8.01], [110.935, -8.0325], [110.8925, -8.055], [110.85, -8.0775], [110.8075, -8.1], [110.85, -8.1], [110.8925, -8.0775], [110.935, -8.055], [110.9775, -8.0325], [110.8925, -8.1], [110.935, -8.0775], [111.02, -8.01], [110.9775, -8.055], [110.935, -8.1], [110.9775, -8.0775], [111.02, -8.0325], [110.9775, -8.1], [111.02, -8.055], [111.0625, -7.9875], [111.02, -8.0775], [111.02, -8.1], [111.0625, -8.01], [111.0625, -8.0325], [111.0625, -8.055], [111.0625, -8.0775], [111.0625, -8.1], [111.105, -8.1], [111.105, -8.0775], [111.105, -8.055], [111.105, -8.0325], [111.105, -8.01], [111.1475, -8.1], [111.1475, -8.0775], [111.1475, -8.055], [111.105, -7.9875], [111.19, -8.1], [111.1475, -8.0325], [111.19, -8.0775], [111.2325, -8.1], [111.19, -8.055], [111.1475, -8.01], [111.2325, -8.0775], [111.275, -8.1], [111.19, -8.0325], [111.2325, -8.055], [111.275, -8.0775], [111.3175, -8.1], [111.36, -8.1], [111.3175, -8.0775], [111.275, -8.055], [111.2325, -8.0325], [111.19, -8.01], [111.1475, -7.9875], [111.4025, -8.1], [111.36, -8.0775], [111.3175, -8.055], [111.445, -8.1], [111.275, -8.0325], [111.105, -7.965], [111.4025, -8.0775], [111.2325, -8.01], [111.36, -8.055], [111.4875, -8.1], [111.445, -8.0775], [111.3175, -8.0325], [111.53, -8.1], [111.4025, -8.055], [111.4875, -8.0775], [111.5725, -8.1], [111.19, -7.9875], [111.275, -8.01], [111.36, -8.0325], [111.445, -8.055], [111.53, -8.0775], [111.615, -8.1], [111.6575, -8.1], [111.5725, -8.0775], [111.4875, -8.055], [111.4025, -8.0325], [111.7, -8.1], [111.3175, -8.01], [111.615, -8.0775], [111.53, -8.055], [111.6575, -8.0775], [111.445, -8.0325], [111.2325, -7.9875], [111.5725, -8.055], [111.7, -8.0775], [111.36, -8.01], [111.4875, -8.0325], [111.615, -8.055], [111.6575, -8.055], [111.53, -8.0325], [111.4025, -8.01], [111.275, -7.9875], [111.5725, -8.0325], [111.445, -8.01], [111.615, -8.0325], [111.1475, -7.965], [111.3175, -7.9875], [111.4875, -8.01], [111.53, -8.01], [111.36, -7.9875], [111.5725, -8.01], [111.4025, -7.9875], [111.445, -7.9875], [111.19, -7.965], [111.4875, -7.9875], [111.53, -7.9875], [111.2325, -7.965], [111.275, -7.965], [111.3175, -7.965], [111.36, -7.965], [111.4025, -7.965], [111.445, -7.965], [111.4875, -7.965], [111.445, -7.9425], [111.4025, -7.9425], [111.36, -7.9425], [111.3175, -7.9425], [111.275, -7.9425], [111.2325, -7.9425], [111.4025, -7.92], [111.19, -7.9425], [111.36, -7.92], [111.3175, -7.92], [111.275, -7.92], [111.1475, -7.9425], [111.36, -7.8975], [111.2325, -7.92], [111.3175, -7.8975], [111.275, -7.8975], [111.19, -7.92], [111.3175, -7.875], [111.2325, -7.8975], [111.275, -7.875], [111.275, -7.8525], [111.2325, -7.875], [111.19, -7.8975], [111.1475, -7.92], [111.105, -7.9425], [111.2325, -7.8525], [111.19, -7.875], [111.2325, -7.83], [111.1475, -7.8975], [111.19, -7.8525], [111.19, -7.83], [111.1475, -7.875], [111.19, -7.8075], [111.105, -7.92], [111.1475, -7.8525], [111.1475, -7.83], [111.1475, -7.8075], [111.105, -7.8975], [111.1475, -7.785], [111.105, -7.875], [111.105, -7.8525], [111.105, -7.83], [111.105, -7.8075], [111.105, -7.785], [111.105, -7.7625], [111.0625, -7.74], [111.0625, -7.7625], [111.0625, -7.785], [111.0625, -7.8075], [111.0625, -7.83], [111.0625, -7.8525], [111.0625, -7.875], [111.02, -7.7175], [111.02, -7.74], [111.02, -7.7625], [111.0625, -7.8975], [111.02, -7.785], [110.9775, -7.695], [111.02, -7.8075], [110.9775, -7.7175], [110.9775, -7.74], [111.02, -7.83], [111.0625, -7.92], [110.9775, -7.7625], [110.935, -7.695], [111.02, -7.8525], [110.9775, -7.785], [110.935, -7.7175], [110.935, -7.74], [110.9775, -7.8075], [110.935, -7.7625], [111.02, -7.875], [110.8925, -7.7175], [110.9775, -7.83], [110.935, -7.785], [110.8925, -7.74], [110.8925, -7.7625], [110.935, -7.8075], [110.9775, -7.8525], [111.02, -7.8975], [110.8925, -7.785], [110.935, -7.83], [110.85, -7.7625], [110.8925, -7.8075], [110.9775, -7.875], [110.85, -7.785], [110.935, -7.8525], [111.0625, -7.9425], [110.8925, -7.83], [110.85, -7.8075], [110.8075, -7.785], [111.02, -7.92], [110.9775, -7.8975], [110.935, -7.875], [110.8925, -7.8525], [110.85, -7.83], [110.8075, -7.8075], [110.765, -7.8075], [110.8075, -7.83], [110.85, -7.8525], [110.8925, -7.875], [110.935, -7.8975], [110.765, -7.83], [110.8075, -7.8525], [110.7225, -7.83], [110.85, -7.875], [110.9775, -7.92], [110.765, -7.8525], [110.8925, -7.8975], [110.8075, -7.875], [110.7225, -7.8525], [110.765, -7.875], [110.85, -7.8975], [110.935, -7.92], [110.7225, -7.875], [111.02, -7.9425], [110.8075, -7.8975], [110.8925, -7.92], [110.765, -7.8975], [110.7225, -7.8975], [110.85, -7.92], [110.8075, -7.92], [110.9775, -7.9425], [110.765, -7.92], [110.7225, -7.92], [110.935, -7.9425], [110.68, -7.92], [110.8925, -7.9425], [110.85, -7.9425], [110.8075, -7.9425], [110.765, -7.9425], [110.7225, -7.9425], [110.68, -7.9425], [110.68, -7.965]]]}}, {"type": "Feature", "properties": {"KABKOT": "WONOSOBO", "name": "Kabupaten Wonosobo", "GEO_KEY": "WONOSOBO"}, "geometry": {"type": "Polygon", "coordinates": [[[109.7875, -7.3575], [109.83, -7.3575], [109.7875, -7.38], [109.8725, -7.3575], [109.83, -7.38], [109.7875, -7.4025], [109.7875, -7.425], [109.83, -7.4025], [109.7875, -7.4475], [109.8725, -7.38], [109.83, -7.425], [109.7875, -7.47], [109.7875, -7.4925], [109.83, -7.4475], [109.8725, -7.4025], [109.83, -7.47], [109.83, -7.4925], [109.8725, -7.425], [109.83, -7.515], [109.83, -7.5375], [109.8725, -7.4475], [109.83, -7.56], [109.83, -7.5825], [109.8725, -7.47], [109.8725, -7.4925], [109.8725, -7.515], [109.8725, -7.5375], [109.8725, -7.56], [109.8725, -7.5825], [109.915, -7.56], [109.915, -7.5375], [109.915, -7.515], [109.915, -7.4925], [109.915, -7.47], [109.915, -7.4475], [109.915, -7.425], [109.915, -7.4025], [109.915, -7.38], [109.915, -7.3575], [109.9575, -7.5375], [109.9575, -7.515], [109.9575, -7.4925], [109.9575, -7.47], [109.9575, -7.4475], [110.0, -7.5375], [110.0, -7.515], [109.9575, -7.425], [110.0, -7.4925], [110.0, -7.47], [110.0425, -7.515], [109.9575, -7.4025], [110.0, -7.4475], [110.0425, -7.4925], [110.0425, -7.47], [110.0, -7.425], [110.0425, -7.4475], [109.9575, -7.38], [110.0, -7.4025], [110.0425, -7.425], [110.0425, -7.4025], [110.0, -7.38], [109.9575, -7.3575], [110.0425, -7.38], [110.0, -7.3575], [110.0425, -7.3575], [110.0425, -7.335], [110.0, -7.335], [109.9575, -7.335], [110.0425, -7.3125], [110.0, -7.3125], [110.0425, -7.29], [110.0425, -7.2675], [110.0, -7.29], [109.9575, -7.3125], [110.0, -7.2675], [110.0, -7.245], [109.9575, -7.29], [110.0, -7.2225], [110.0, -7.2], [109.9575, -7.2675], [110.0, -7.1775], [110.0, -7.155], [109.9575, -7.245], [110.0, -7.1325], [109.9575, -7.2225], [109.9575, -7.2], [109.9575, -7.1775], [109.915, -7.335], [109.9575, -7.155], [109.9575, -7.1325], [109.9575, -7.11], [109.9575, -7.0875], [109.915, -7.3125], [109.915, -7.29], [109.915, -7.2675], [109.915, -7.245], [109.915, -7.2225], [109.915, -7.2], [109.915, -7.1775], [109.915, -7.155], [109.915, -7.1325], [109.915, -7.11], [109.915, -7.0875], [109.8725, -7.1325], [109.8725, -7.155], [109.8725, -7.1775], [109.8725, -7.2], [109.8725, -7.2225], [109.8725, -7.245], [109.83, -7.155], [109.83, -7.1775], [109.8725, -7.2675], [109.83, -7.2], [109.83, -7.2225], [109.8725, -7.29], [109.83, -7.245], [109.7875, -7.2], [109.7875, -7.2225], [109.83, -7.2675], [109.8725, -7.3125], [109.7875, -7.245], [109.83, -7.29], [109.7875, -7.2675], [109.7875, -7.29], [109.83, -7.3125], [109.7875, -7.3125], [109.8725, -7.335], [109.83, -7.335], [109.7875, -7.335], [109.7875, -7.3575]]]}}, {"type": "Feature", "properties": {"KABKOT": "KOTA MAGELANG", "name": "Kota Magelang", "GEO_KEY": "KOTA MAGELANG"}, "geometry": {"type": "Polygon", "coordinates": [[[110.0425, -7.47], [110.085, -7.47], [110.1275, -7.47], [110.0425, -7.4925], [110.17, -7.47], [110.085, -7.4925], [110.0425, -7.515], [110.1275, -7.4925], [110.085, -7.515], [110.1275, -7.515], [110.17, -7.4925], [110.2125, -7.47], [110.17, -7.515], [110.2125, -7.4925], [110.2125, -7.515], [110.255, -7.515], [110.255, -7.4925], [110.2975, -7.515], [110.255, -7.47], [110.2975, -7.4925], [110.34, -7.515], [110.3825, -7.515], [110.34, -7.4925], [110.425, -7.515], [110.3825, -7.4925], [110.2975, -7.47], [110.425, -7.4925], [110.34, -7.47], [110.3825, -7.47], [110.3825, -7.4475], [110.34, -7.4475], [110.2975, -7.4475], [110.3825, -7.425], [110.34, -7.425], [110.255, -7.4475], [110.3825, -7.4025], [110.2975, -7.425], [110.34, -7.4025], [110.34, -7.38], [110.2975, -7.4025], [110.34, -7.3575], [110.2975, -7.38], [110.255, -7.425], [110.2975, -7.3575], [110.255, -7.4025], [110.255, -7.38], [110.2125, -7.38], [110.2125, -7.4025], [110.2125, -7.425], [110.17, -7.4025], [110.1275, -7.4025], [110.17, -7.425], [110.2125, -7.4475], [110.1275, -7.425], [110.085, -7.425], [110.17, -7.4475], [110.1275, -7.4475], [110.085, -7.4475], [110.0425, -7.4475], [110.0425, -7.47]]]}}, {"type": "Feature", "properties": {"KABKOT": "KOTA PEKALONGAN", "name": "Kota Pekalongan", "GEO_KEY": "KOTA PEKALONGAN"}, "geometry": {"type": "Polygon", "coordinates": [[[109.49, -6.5925], [109.5325, -6.5925], [109.575, -6.5925], [109.49, -6.615], [109.6175, -6.5925], [109.5325, -6.615], [109.49, -6.6375], [109.575, -6.615], [109.5325, -6.6375], [109.49, -6.66], [109.5325, -6.66], [109.575, -6.6375], [109.6175, -6.615], [109.66, -6.5925], [109.5325, -6.6825], [109.575, -6.66], [109.5325, -6.705], [109.6175, -6.6375], [109.575, -6.6825], [109.5325, -6.7275], [109.5325, -6.75], [109.575, -6.705], [109.6175, -6.66], [109.5325, -6.7725], [109.575, -6.7275], [109.5325, -6.795], [109.66, -6.615], [109.6175, -6.6825], [109.575, -6.75], [109.5325, -6.8175], [109.5325, -6.84], [109.575, -6.7725], [109.5325, -6.8625], [109.6175, -6.705], [109.575, -6.795], [109.5325, -6.885], [109.5325, -6.9075], [109.575, -6.8175], [109.6175, -6.7275], [109.5325, -6.93], [109.575, -6.84], [109.66, -6.6375], [109.5325, -6.9525], [109.6175, -6.75], [109.575, -6.8625], [109.5325, -6.975], [109.575, -6.885], [109.6175, -6.7725], [109.575, -6.9075], [109.575, -6.93], [109.6175, -6.795], [109.66, -6.66], [109.575, -6.9525], [109.6175, -6.8175], [109.575, -6.975], [109.6175, -6.84], [109.6175, -6.8625], [109.66, -6.6825], [109.6175, -6.885], [109.6175, -6.9075], [109.66, -6.705], [109.6175, -6.93], [109.6175, -6.9525], [109.6175, -6.975], [109.66, -6.7275], [109.6175, -6.9975], [109.66, -6.75], [109.66, -6.7725], [109.66, -6.795], [109.66, -6.8175], [109.66, -6.84], [109.66, -6.8625], [109.66, -6.885], [109.66, -6.9075], [109.66, -6.93], [109.66, -6.9525], [109.66, -6.975], [109.66, -6.9975], [109.7025, -6.9525], [109.7025, -6.93], [109.7025, -6.9075], [109.7025, -6.885], [109.7025, -6.8625], [109.7025, -6.84], [109.7025, -6.8175], [109.7025, -6.795], [109.7025, -6.7725], [109.7025, -6.75], [109.7025, -6.7275], [109.7025, -6.705], [109.7025, -6.6825], [109.745, -6.8625], [109.7025, -6.66], [109.745, -6.84], [109.745, -6.8175], [109.745, -6.795], [109.7025, -6.6375], [109.745, -6.7725], [109.745, -6.75], [109.745, -6.7275], [109.745, -6.705], [109.7025, -6.615], [109.7875, -6.7725], [109.745, -6.6825], [109.7875, -6.75], [109.7875, -6.7275], [109.745, -6.66], [109.7875, -6.705], [109.7875, -6.6825], [109.745, -6.6375], [109.7875, -6.66], [109.7025, -6.5925], [109.83, -6.6825], [109.745, -6.615], [109.7875, -6.6375], [109.83, -6.66], [109.83, -6.6375], [109.7875, -6.615], [109.83, -6.615], [109.745, -6.5925], [109.7875, -6.5925], [109.83, -6.5925], [109.8725, -6.5925], [109.8725, -6.57], [109.83, -6.57], [109.7875, -6.57], [109.745, -6.57], [109.8725, -6.5475], [109.83, -6.5475], [109.8725, -6.525], [109.7875, -6.5475], [109.915, -6.5025], [109.83, -6.525], [109.8725, -6.5025], [109.915, -6.48], [109.7025, -6.57], [109.745, -6.5475], [109.7875, -6.525], [109.83, -6.5025], [109.8725, -6.48], [109.915, -6.4575], [109.9575, -6.4125], [109.915, -6.435], [109.8725, -6.4575], [109.83, -6.48], [109.9575, -6.39], [109.915, -6.4125], [109.7875, -6.5025], [109.8725, -6.435], [109.9575, -6.3675], [110.0, -6.3225], [109.915, -6.39], [109.83, -6.4575], [109.9575, -6.345], [109.745, -6.525], [109.8725, -6.4125], [110.0, -6.3], [109.915, -6.3675], [109.9575, -6.3225], [109.7875, -6.48], [109.83, -6.435], [109.8725, -6.39], [109.915, -6.345], [109.9575, -6.3], [109.915, -6.3225], [109.8725, -6.3675], [109.83, -6.4125], [109.7875, -6.4575], [109.915, -6.3], [109.8725, -6.345], [109.745, -6.5025], [109.83, -6.39], [109.8725, -6.3225], [109.7875, -6.435], [109.83, -6.3675], [109.8725, -6.3], [109.83, -6.345], [109.7875, -6.4125], [109.745, -6.48], [109.7025, -6.5475], [109.83, -6.3225], [109.7875, -6.39], [109.83, -6.3], [109.745, -6.4575], [109.7875, -6.3675], [109.7875, -6.345], [109.745, -6.435], [109.7875, -6.3225], [109.7875, -6.3], [109.745, -6.4125], [109.7025, -6.525], [109.745, -6.39], [109.745, -6.3675], [109.745, -6.345], [109.7025, -6.5025], [109.745, -6.3225], [109.745, -6.3], [109.7025, -6.48], [109.7025, -6.4575], [109.7025, -6.435], [109.7025, -6.4125], [109.7025, -6.39], [109.7025, -6.3675], [109.7025, -6.345], [109.7025, -6.3225], [109.7025, -6.3], [109.66, -6.3], [109.66, -6.3225], [109.66, -6.345], [109.66, -6.3675], [109.66, -6.39], [109.66, -6.4125], [109.66, -6.435], [109.66, -6.4575], [109.6175, -6.3], [109.66, -6.48], [109.6175, -6.3225], [109.6175, -6.345], [109.6175, -6.3675], [109.66, -6.5025], [109.6175, -6.39], [109.575, -6.3], [109.6175, -6.4125], [109.575, -6.3225], [109.66, -6.525], [109.6175, -6.435], [109.575, -6.345], [109.575, -6.3675], [109.5325, -6.3], [109.6175, -6.4575], [109.575, -6.39], [109.5325, -6.3225], [109.5325, -6.345], [109.575, -6.4125], [109.6175, -6.48], [109.49, -6.3], [109.5325, -6.3675], [109.49, -6.3225], [109.575, -6.435], [109.66, -6.5475], [109.5325, -6.39], [109.49, -6.345], [109.6175, -6.5025], [109.575, -6.4575], [109.5325, -6.4125], [109.49, -6.3675], [109.49, -6.39], [109.5325, -6.435], [109.575, -6.48], [109.49, -6.4125], [109.6175, -6.525], [109.5325, -6.4575], [109.49, -6.435], [109.575, -6.5025], [109.5325, -6.48], [109.49, -6.4575], [109.49, -6.48], [109.5325, -6.5025], [109.575, -6.525], [109.6175, -6.5475], [109.49, -6.5025], [109.5325, -6.525], [109.66, -6.57], [109.575, -6.5475], [109.49, -6.525], [109.5325, -6.5475], [109.49, -6.5475], [109.6175, -6.57], [109.575, -6.57], [109.5325, -6.57], [109.49, -6.57], [109.49, -6.5925]]]}}, {"type": "Feature", "properties": {"KABKOT": "KOTA SALATIGA", "name": "Kota Salatiga", "GEO_KEY": "KOTA SALATIGA"}, "geometry": {"type": "Polygon", "coordinates": [[[110.3825, -7.335], [110.425, -7.335], [110.34, -7.3575], [110.4675, -7.335], [110.3825, -7.3575], [110.34, -7.38], [110.425, -7.3575], [110.51, -7.335], [110.3825, -7.38], [110.34, -7.4025], [110.4675, -7.3575], [110.425, -7.38], [110.3825, -7.4025], [110.3825, -7.425], [110.425, -7.4025], [110.4675, -7.38], [110.51, -7.3575], [110.3825, -7.4475], [110.425, -7.425], [110.3825, -7.47], [110.4675, -7.4025], [110.425, -7.4475], [110.3825, -7.4925], [110.425, -7.47], [110.4675, -7.425], [110.51, -7.38], [110.5525, -7.335], [110.425, -7.4925], [110.4675, -7.4475], [110.51, -7.4025], [110.4675, -7.47], [110.51, -7.425], [110.51, -7.4475], [110.5525, -7.3575], [110.51, -7.47], [110.5525, -7.38], [110.5525, -7.4025], [110.5525, -7.425], [110.5525, -7.4475], [110.595, -7.425], [110.595, -7.4025], [110.595, -7.38], [110.595, -7.3575], [110.6375, -7.4025], [110.6375, -7.38], [110.595, -7.335], [110.6375, -7.3575], [110.68, -7.38], [110.68, -7.3575], [110.7225, -7.3575], [110.6375, -7.335], [110.68, -7.335], [110.7225, -7.335], [110.765, -7.335], [110.765, -7.3125], [110.7225, -7.3125], [110.68, -7.3125], [110.6375, -7.3125], [110.765, -7.29], [110.595, -7.3125], [110.7225, -7.29], [110.68, -7.29], [110.765, -7.2675], [110.7225, -7.2675], [110.765, -7.245], [110.6375, -7.29], [110.68, -7.2675], [110.7225, -7.245], [110.765, -7.2225], [110.765, -7.2], [110.7225, -7.2225], [110.68, -7.245], [110.6375, -7.2675], [110.7225, -7.2], [110.68, -7.2225], [110.7225, -7.1775], [110.595, -7.29], [110.6375, -7.245], [110.68, -7.2], [110.7225, -7.155], [110.68, -7.1775], [110.6375, -7.2225], [110.68, -7.155], [110.68, -7.1325], [110.6375, -7.2], [110.595, -7.2675], [110.6375, -7.1775], [110.6375, -7.155], [110.6375, -7.1325], [110.595, -7.245], [110.595, -7.2225], [110.595, -7.2], [110.595, -7.1775], [110.595, -7.155], [110.5525, -7.2], [110.5525, -7.2225], [110.5525, -7.245], [110.5525, -7.2675], [110.5525, -7.29], [110.51, -7.2225], [110.51, -7.245], [110.51, -7.2675], [110.4675, -7.2675], [110.51, -7.29], [110.5525, -7.3125], [110.4675, -7.29], [110.425, -7.29], [110.51, -7.3125], [110.4675, -7.3125], [110.425, -7.3125], [110.3825, -7.335]]]}}, {"type": "Feature", "properties": {"KABKOT": "KOTA SEMARANG", "name": "Kota Semarang", "GEO_KEY": "KOTA SEMARANG"}, "geometry": {"type": "Polygon", "coordinates": [[[110.2975, -6.9075], [110.34, -6.9075], [110.2975, -6.93], [110.3825, -6.9075], [110.34, -6.93], [110.2975, -6.9525], [110.2975, -6.975], [110.34, -6.9525], [110.2975, -6.9975], [110.2975, -7.02], [110.34, -6.975], [110.2975, -7.0425], [110.3825, -6.93], [110.34, -6.9975], [110.2975, -7.065], [110.34, -7.02], [110.34, -7.0425], [110.34, -7.065], [110.3825, -6.9525], [110.34, -7.0875], [110.34, -7.11], [110.3825, -6.975], [110.3825, -6.9975], [110.3825, -7.02], [110.3825, -7.0425], [110.3825, -7.065], [110.3825, -7.0875], [110.3825, -7.11], [110.425, -7.11], [110.425, -7.0875], [110.425, -7.065], [110.425, -7.0425], [110.425, -7.02], [110.425, -6.9975], [110.4675, -7.11], [110.425, -6.975], [110.4675, -7.0875], [110.4675, -7.065], [110.425, -6.9525], [110.4675, -7.0425], [110.51, -7.11], [110.4675, -7.02], [110.51, -7.0875], [110.51, -7.065], [110.4675, -6.9975], [110.5525, -7.11], [110.51, -7.0425], [110.5525, -7.0875], [110.425, -6.93], [110.4675, -6.975], [110.51, -7.02], [110.5525, -7.065], [110.595, -7.11], [110.595, -7.0875], [110.5525, -7.0425], [110.51, -6.9975], [110.595, -7.065], [110.5525, -7.02], [110.4675, -6.9525], [110.595, -7.0425], [110.51, -6.975], [110.5525, -6.9975], [110.5525, -6.975], [110.51, -6.9525], [110.4675, -6.93], [110.5525, -6.9525], [110.51, -6.93], [110.425, -6.9075], [110.4675, -6.9075], [110.51, -6.9075], [110.51, -6.885], [110.4675, -6.885], [110.51, -6.8625], [110.4675, -6.8625], [110.425, -6.885], [110.4675, -6.84], [110.4675, -6.8175], [110.4675, -6.795], [110.425, -6.8625], [110.4675, -6.7725], [110.4675, -6.75], [110.425, -6.84], [110.425, -6.8175], [110.425, -6.795], [110.425, -6.7725], [110.425, -6.75], [110.425, -6.7275], [110.425, -6.705], [110.3825, -6.6825], [110.3825, -6.705], [110.3825, -6.7275], [110.3825, -6.75], [110.3825, -6.7725], [110.3825, -6.795], [110.3825, -6.8175], [110.34, -6.66], [110.34, -6.6825], [110.3825, -6.84], [110.34, -6.705], [110.34, -6.7275], [110.2975, -6.615], [110.2975, -6.6375], [110.34, -6.75], [110.2975, -6.66], [110.2975, -6.6825], [110.34, -6.7725], [110.3825, -6.8625], [110.255, -6.615], [110.2975, -6.705], [110.255, -6.6375], [110.34, -6.795], [110.2975, -6.7275], [110.255, -6.66], [110.255, -6.6825], [110.2975, -6.75], [110.34, -6.8175], [110.255, -6.705], [110.2975, -6.7725], [110.255, -6.7275], [110.255, -6.75], [110.2975, -6.795], [110.34, -6.84], [110.3825, -6.885], [110.2975, -6.8175], [110.34, -6.8625], [110.2975, -6.84], [110.2975, -6.8625], [110.34, -6.885], [110.2975, -6.885], [110.2975, -6.9075]]]}}, {"type": "Feature", "properties": {"KABKOT": "KOTA SURAKARTA", "name": "Kota Surakarta", "GEO_KEY": "KOTA SURAKARTA"}, "geometry": {"type": "Polygon", "coordinates": [[[110.7225, -7.515], [110.765, -7.515], [110.7225, -7.5375], [110.7225, -7.56], [110.765, -7.5375], [110.68, -7.605], [110.7225, -7.5825], [110.68, -7.6275], [110.7225, -7.605], [110.765, -7.56], [110.7225, -7.6275], [110.8075, -7.515], [110.765, -7.5825], [110.765, -7.605], [110.765, -7.6275], [110.8075, -7.5375], [110.8075, -7.56], [110.8075, -7.5825], [110.8075, -7.605], [110.8075, -7.6275], [110.85, -7.6275], [110.85, -7.605], [110.85, -7.5825], [110.8925, -7.6275], [110.85, -7.56], [110.8925, -7.605], [110.935, -7.6275], [110.8925, -7.5825], [110.85, -7.5375], [110.935, -7.605], [110.8925, -7.56], [110.935, -7.5825], [110.935, -7.56], [110.8925, -7.5375], [110.935, -7.5375], [110.85, -7.515], [110.8925, -7.515], [110.935, -7.515], [110.935, -7.4925], [110.8925, -7.4925], [110.85, -7.4925], [110.8925, -7.47], [110.8925, -7.4475], [110.85, -7.47], [110.8925, -7.425], [110.85, -7.4475], [110.85, -7.425], [110.85, -7.4025], [110.85, -7.38], [110.8075, -7.335], [110.8075, -7.3575], [110.8075, -7.38], [110.8075, -7.4025], [110.8075, -7.425], [110.8075, -7.4475], [110.8075, -7.47], [110.765, -7.335], [110.765, -7.3575], [110.765, -7.38], [110.8075, -7.4925], [110.765, -7.4025], [110.765, -7.425], [110.7225, -7.38], [110.765, -7.4475], [110.7225, -7.4025], [110.7225, -7.425], [110.765, -7.47], [110.7225, -7.4475], [110.7225, -7.47], [110.765, -7.4925], [110.7225, -7.4925], [110.7225, -7.515]]]}}, {"type": "Feature", "properties": {"KABKOT": "KOTA TEGAL", "name": "Kota Tegal", "GEO_KEY": "KOTA TEGAL"}, "geometry": {"type": "Polygon", "coordinates": [[[109.0225, -6.5925], [109.065, -6.5925], [109.1075, -6.5925], [109.15, -6.5925], [109.0225, -6.615], [109.065, -6.615], [109.0225, -6.6375], [109.1075, -6.615], [109.065, -6.6375], [109.0225, -6.66], [109.0225, -6.6825], [109.065, -6.66], [109.0225, -6.705], [109.1075, -6.6375], [109.065, -6.6825], [109.0225, -6.7275], [109.0225, -6.75], [109.065, -6.705], [109.1075, -6.66], [109.0225, -6.7725], [109.065, -6.7275], [109.0225, -6.795], [109.0225, -6.8175], [109.065, -6.75], [109.1075, -6.6825], [109.0225, -6.84], [109.065, -6.7725], [109.15, -6.615], [109.0225, -6.8625], [109.1075, -6.705], [109.065, -6.795], [109.0225, -6.885], [109.0225, -6.9075], [109.065, -6.8175], [109.0225, -6.93], [109.1075, -6.7275], [109.065, -6.84], [109.065, -6.8625], [109.1075, -6.75], [109.065, -6.885], [109.065, -6.9075], [109.1075, -6.7725], [109.065, -6.93], [109.1075, -6.795], [109.15, -6.6375], [109.1075, -6.8175], [109.1075, -6.84], [109.1075, -6.8625], [109.1075, -6.885], [109.15, -6.66], [109.1075, -6.9075], [109.1075, -6.93], [109.15, -6.6825], [109.15, -6.705], [109.15, -6.7275], [109.15, -6.75], [109.15, -6.7725], [109.15, -6.795], [109.15, -6.8175], [109.15, -6.84], [109.15, -6.8625], [109.15, -6.885], [109.15, -6.9075], [109.15, -6.93], [109.1925, -6.93], [109.1925, -6.9075], [109.1925, -6.885], [109.1925, -6.8625], [109.1925, -6.84], [109.1925, -6.8175], [109.1925, -6.795], [109.1925, -6.7725], [109.1925, -6.75], [109.235, -6.93], [109.1925, -6.7275], [109.235, -6.9075], [109.235, -6.885], [109.1925, -6.705], [109.235, -6.8625], [109.235, -6.84], [109.235, -6.8175], [109.1925, -6.6825], [109.235, -6.795], [109.2775, -6.9075], [109.2775, -6.885], [109.235, -6.7725], [109.2775, -6.8625], [109.1925, -6.66], [109.235, -6.75], [109.2775, -6.84], [109.2775, -6.8175], [109.235, -6.7275], [109.2775, -6.795], [109.2775, -6.7725], [109.235, -6.705], [109.1925, -6.6375], [109.2775, -6.75], [109.235, -6.6825], [109.2775, -6.7275], [109.2775, -6.705], [109.235, -6.66], [109.2775, -6.6825], [109.1925, -6.615], [109.235, -6.6375], [109.2775, -6.66], [109.2775, -6.6375], [109.235, -6.615], [109.32, -6.6375], [109.2775, -6.615], [109.32, -6.615], [109.1925, -6.5925], [109.235, -6.5925], [109.2775, -6.5925], [109.32, -6.5925], [109.32, -6.57], [109.2775, -6.57], [109.32, -6.5475], [109.235, -6.57], [109.2775, -6.5475], [109.32, -6.525], [109.32, -6.5025], [109.2775, -6.525], [109.235, -6.5475], [109.32, -6.48], [109.1925, -6.57], [109.2775, -6.5025], [109.32, -6.4575], [109.235, -6.525], [109.2775, -6.48], [109.32, -6.435], [109.3625, -6.39], [109.3625, -6.3675], [109.32, -6.4125], [109.2775, -6.4575], [109.235, -6.5025], [109.3625, -6.345], [109.32, -6.39], [109.3625, -6.3225], [109.2775, -6.435], [109.32, -6.3675], [109.3625, -6.3], [109.1925, -6.5475], [109.235, -6.48], [109.2775, -6.4125], [109.32, -6.345], [109.32, -6.3225], [109.2775, -6.39], [109.235, -6.4575], [109.32, -6.3], [109.2775, -6.3675], [109.2775, -6.345], [109.235, -6.435], [109.1925, -6.525], [109.2775, -6.3225], [109.235, -6.4125], [109.2775, -6.3], [109.235, -6.39], [109.1925, -6.5025], [109.235, -6.3675], [109.235, -6.345], [109.1925, -6.48], [109.235, -6.3225], [109.235, -6.3], [109.1925, -6.4575], [109.1925, -6.435], [109.1925, -6.4125], [109.1925, -6.39], [109.1925, -6.3675], [109.1925, -6.345], [109.1925, -6.3225], [109.1925, -6.3], [109.15, -6.3], [109.15, -6.3225], [109.15, -6.345], [109.15, -6.3675], [109.15, -6.39], [109.15, -6.4125], [109.15, -6.435], [109.15, -6.4575], [109.15, -6.48], [109.15, -6.5025], [109.15, -6.525], [109.1075, -6.3], [109.1075, -6.3225], [109.1075, -6.345], [109.1075, -6.3675], [109.1075, -6.39], [109.15, -6.5475], [109.1075, -6.4125], [109.065, -6.3], [109.1075, -6.435], [109.065, -6.3225], [109.065, -6.345], [109.1075, -6.4575], [109.065, -6.3675], [109.0225, -6.3], [109.065, -6.39], [109.1075, -6.48], [109.0225, -6.3225], [109.065, -6.4125], [109.0225, -6.345], [109.15, -6.57], [109.1075, -6.5025], [109.065, -6.435], [109.0225, -6.3675], [108.98, -6.3], [108.98, -6.3225], [109.0225, -6.39], [109.065, -6.4575], [108.98, -6.345], [109.0225, -6.4125], [108.98, -6.3675], [109.1075, -6.525], [109.065, -6.48], [109.0225, -6.435], [108.98, -6.39], [109.0225, -6.4575], [109.065, -6.5025], [109.1075, -6.5475], [109.0225, -6.48], [109.065, -6.525], [109.0225, -6.5025], [109.0225, -6.525], [109.065, -6.5475], [109.1075, -6.57], [109.0225, -6.5475], [109.065, -6.57], [109.0225, -6.57], [109.0225, -6.5925]]]}}]}